time/total_timesteps,time/time_elapsed,rollout/ep_rew_mean,time/episodes,time/fps,rollout/ep_len_mean,train/learning_rate,train/ent_coef,train/actor_loss,train/ent_coef_loss,train/n_updates,train/critic_loss
804,1,-3.9413664000000006,10,582,80.4,,,,,,
1285,2,-4.4767569,20,593,64.25,,,,,,
1938,3,-4.654351566666667,30,629,64.6,,,,,,
2628,4,-4.65548525,40,629,65.7,,,,,,
3453,5,-4.6328178,50,628,69.06,,,,,,
4060,6,-4.498312166666667,60,626,67.66666666666667,,,,,,
4473,7,-4.523425014285716,70,618,63.9,,,,,,
5343,11,-4.6068621625,80,478,66.7875,0.0003,0.9888008832931519,-2.657839059829712,-0.03789134789258242,40,0.39941301941871643
6186,17,-4.66662451111111,90,353,68.73333333333333,0.0003,0.9572492241859436,-3.035589635372162,-0.14681100472807884,148,0.423351027071476
6347,18,-4.578972019999999,100,334,63.47,0.0003,0.9515156149864197,-3.1361575722694397,-0.16709639132022858,168,0.4351455643773079
7039,23,-4.74215974,110,294,62.35,0.0003,0.9278294742107391,-3.3805195093154907,-0.25198839604854584,252,0.5908375829458237
7378,26,-4.73456468,120,276,60.93,0.0003,0.9156579971313477,-3.5764673352241516,-0.2969951555132866,296,0.7686270326375961
8005,31,-4.65700776,130,253,60.67,0.0003,0.8939447402954102,-3.8892264366149902,-0.3774595707654953,376,0.7224122285842896
8403,34,-2.49925103,140,241,57.75,0.0003,0.8811540752649307,-4.159144759178162,-0.42489010840654373,424,0.7039495706558228
8920,38,-2.50595111,150,230,54.67,0.0003,0.8643939197063446,-4.282960653305054,-0.4906054511666298,488,0.6637962982058525
9247,41,-2.5741437,160,224,51.87,0.0003,0.8540826737880707,-4.453476428985596,-0.5322316884994507,528,0.9826509766280651
9572,43,-2.53216734,170,219,50.99,0.0003,0.8428834527730942,-4.568459987640381,-0.575057253241539,572,38.300720661878586
10215,48,-2.43073761,180,210,48.72,0.0003,0.822893351316452,-4.79542601108551,-0.6558730751276016,652,0.6059367544949055
10851,53,-2.4146811900000005,190,202,46.65,0.0003,0.8033816367387772,-5.199148654937744,-0.7386762499809265,732,1.108368657529354
11223,56,-2.5482165899999996,200,199,48.76,0.0003,0.7928465604782104,-5.26715087890625,-0.7815558612346649,776,0.8289276408031583
11755,60,-2.3664941899999996,210,194,47.16,0.0003,0.7768464088439941,-5.4971466064453125,-0.8485234379768372,844,38.09911924600601
12391,65,-2.2204736099999995,220,189,50.13,0.0003,0.7584587037563324,-5.603545188903809,-0.9300978481769562,924,1.125370778143406
13210,71,-2.1929161600000002,230,184,52.05,0.0003,0.7360809892416,-6.147816896438599,-1.0285528302192688,1024,1.1778289377689362
14225,79,-4.237554490000001,240,179,58.22,0.0003,0.7084286510944366,-6.590671181678772,-1.1544600427150726,1152,37.31840097159147
14745,83,-4.16750925,250,177,58.25,0.0003,0.6950220912694931,-6.814576148986816,-1.2176274061203003,1216,0.8830094635486603
15719,90,-4.164541160000001,260,173,64.72,0.0003,0.6697568744421005,-7.225161075592041,-1.340231567621231,1340,0.5510766431689262
16272,94,-4.07709117,270,172,67.0,0.0003,0.6563007235527039,-7.280662894248962,-1.4053277373313904,1408,1.7377691268920898
16959,99,-1.95860163,280,170,67.44,0.0003,0.6400406062602997,-7.571860313415527,-1.494371622800827,1492,37.2744966596365
18006,107,-1.7815159699999998,290,167,71.55,0.0003,0.6153714954853058,-8.10500979423523,-1.6105809211730957,1624,0.515592135488987
19149,116,-1.65998722,300,164,79.26,0.0003,0.5896153301000595,-8.248167753219604,-1.7515645027160645,1768,0.9980716072022915
20290,125,-1.7631055500000001,310,161,85.35,0.0003,0.5649509578943253,-8.617738246917725,-1.8889850676059723,1912,0.6789203584194183
21866,137,0.2491605899999999,320,159,94.75,0.0003,0.5330177545547485,-9.341202974319458,-2.0743730068206787,2108,71.69183091819286
23353,148,0.43004175000000006,330,157,101.43,0.0003,0.5047720670700073,-9.681943655014038,-2.245186746120453,2292,1.1616939455270767
24683,158,0.5126799000000001,340,155,104.58,0.0003,0.48036862164735794,-10.173632860183716,-2.378175675868988,2460,0.5248710941523314
26464,10,0.43687569000000037,350,131,115.78,0.0003,0.450290709733963,-10.370860815048218,-2.5565762519836426,2680,1.1387528032064438
27804,20,2.5653113300000006,360,133,119.44,0.0003,0.42859720438718796,-10.727299451828003,-2.726911783218384,2848,34.713080167770386
29329,32,6.8198833,370,133,129.16,0.0003,0.40507565438747406,-11.037083625793457,-2.905566453933716,3040,0.7204894013702869
30975,44,4.69392071,380,132,138.75,0.0003,0.3814118802547455,-11.379556894302368,-3.0656904578208923,3244,33.4678547475487
32651,57,6.967087519999999,390,132,145.04,0.0003,0.35837168246507645,-12.321999788284302,-3.2873725295066833,3456,63.2965476885438
34313,70,9.12659474,400,132,150.23,0.0003,0.33717792481184006,-12.089887142181396,-3.4551404118537903,3664,1.4276015609502792
35978,82,11.13900431,410,132,155.47,0.0003,0.31722186505794525,-12.644690036773682,-3.6202483773231506,3872,60.356729209423065
37778,95,9.002612430000003,420,133,157.71,0.0003,0.2970046252012253,-12.775814056396484,-3.7685354948043823,4096,1.1204086430370808
39278,106,10.913872979999999,430,133,157.84,0.0003,0.28100554645061493,-13.108275651931763,-3.978157162666321,4284,1.203841656446457
40799,118,15.23323724,440,133,159.75,0.0003,0.2658771574497223,-13.145425081253052,-4.119757533073425,4472,1.7486449480056763
42350,124,19.52497794,450,139,158.86,0.0003,0.2510160133242607,-13.582668781280518,-4.237657308578491,4668,1.4343366920948029
44007,136,19.57454716,460,139,162.03,0.0003,0.23620276153087616,-14.10667872428894,-4.436239719390869,4876,28.569230414927006
45559,148,17.45630378,470,138,162.3,0.0003,0.22327561303973198,-13.980494260787964,-4.582795262336731,5068,0.480013120919466
46765,157,24.02809941,480,138,157.9,0.0003,0.21350910514593124,-14.2340669631958,-4.637457013130188,5220,1.058115430176258
48188,167,28.10060251,490,138,155.37,0.0003,0.2027127891778946,-14.493958473205566,-4.923399448394775,5396,1.0274069532752037
49726,179,30.27788297,500,137,154.13,0.0003,0.19164958223700523,-14.557203531265259,-5.029392719268799,5588,1.4149406850337982
51208,9,34.695496410000004,510,126,151.46,0.0003,0.18138476833701134,-14.56037950515747,-5.183795809745789,5776,25.720146268606186
52267,17,42.199016470000004,520,130,144.05,0.0003,0.1745896004140377,-14.683299779891968,-5.020824551582336,5908,1.7924948781728745
54067,30,38.98527688,530,130,147.05,0.0003,0.16357919573783875,-14.977794647216797,-5.308767676353455,6132,22.08067013323307
55439,41,38.832583279999994,540,130,145.56,0.0003,0.15555386245250702,-14.985224485397339,-5.511205315589905,6304,1.0672443360090256
56690,50,39.140567149999995,550,131,142.56,0.0003,0.14861634746193886,-15.178640365600586,-5.553228259086609,6460,23.345031797885895
58181,61,36.15533727,560,132,140.9,0.0003,0.14074047654867172,-15.3233163356781,-5.600913405418396,6648,6.55350723862648
59019,67,35.264217300000006,570,132,133.76,0.0003,0.13660484179854393,-15.483589887619019,-5.636220216751099,6752,1.4314627945423126
60324,77,32.97461849,580,132,134.75,0.0003,0.13041064888238907,-15.990679264068604,-5.607731938362122,6916,21.842510119080544
61600,86,29.727511930000002,590,132,133.28,0.0003,0.1248179692775011,-16.321141719818115,-5.71975040435791,7072,1.0028089582920074
62854,96,27.57983094,600,132,130.44,0.0003,0.11934113875031471,-16.187897205352783,-5.869748115539551,7232,18.207056142389774
63811,103,29.69966459,610,133,126.03,0.0003,0.1153622679412365,-16.666624069213867,-5.625887870788574,7352,20.412434935569763
64587,109,33.03575688,620,133,123.2,0.0003,0.11232531629502773,-16.60234546661377,-6.052600622177124,7448,22.363059133291245
65650,117,38.041428069999995,630,133,115.83,0.0003,0.10826932452619076,-17.291068077087402,-5.991275310516357,7580,9.34954109787941
66785,125,36.091592,640,133,113.46,0.0003,0.10402127914130688,-18.22312068939209,-5.770010352134705,7724,15.620496332645416
67874,133,37.19443961,650,133,111.84,0.0003,0.10016996785998344,-17.70080327987671,-5.724512457847595,7860,2.2006671130657196
68820,141,46.82658206999999,660,133,106.39,0.0003,0.09707515314221382,-18.743805408477783,-5.869973540306091,7976,1.4996698200702667
69771,148,54.22310793999999,670,132,107.52,0.0003,0.09396389871835709,-17.838302612304688,-5.906428694725037,8096,17.857489965856075
70962,157,51.99822475,680,132,106.38,0.0003,0.0902630053460598,-18.314162254333496,-5.493822813034058,8244,18.78423622250557
71550,162,61.16029071999999,690,132,99.5,0.0003,0.08851506002247334,-18.476107597351074,-5.705895662307739,8316,45.30942893028259
72634,170,66.58873249999999,700,132,97.8,0.0003,0.08538652770221233,-18.477700233459473,-5.906535625457764,8452,4.61459219455719
73493,176,68.57751817,710,132,96.82,0.0003,0.08293183520436287,-17.37402868270874,-5.481669306755066,8560,12.451809227466583
74248,182,59.969983320000004,720,132,96.61,0.0003,0.08082569390535355,-19.380398273468018,-5.42828369140625,8656,2.690600872039795
75067,188,62.27538602999999,730,132,94.17,0.0003,0.07875949144363403,-20.238770961761475,-5.87775981426239,8756,47.822869300842285
75986,7,64.03987378999999,740,123,91.96,0.0003,0.07644174620509148,-19.44092607498169,-5.674577951431274,8872,27.357892632484436
76778,13,64.57741458000001,750,128,88.99,0.0003,0.07450283318758011,-20.640689849853516,-5.258053660392761,8972,2.7259362637996674
77755,20,62.22732988999999,760,129,89.3,0.0003,0.07227869145572186,-20.517496585845947,-5.175724029541016,9092,14.726882696151733
78540,26,61.92251141999999,770,130,87.64,0.0003,0.07048270106315613,-19.648565769195557,-5.939096927642822,9192,12.459796458482742
79215,31,70.38055236000001,780,130,82.48,0.0003,0.0690044928342104,-21.64337158203125,-5.570173501968384,9276,24.920068681240082
79904,37,66.49692343000001,790,130,83.49,0.0003,0.06755377165973186,-21.584678649902344,-5.4957592487335205,9360,46.97355058789253
80630,42,67.29391986000002,800,130,79.91,0.0003,0.0660605039447546,-20.62526559829712,-4.9249807596206665,9452,26.87128746509552
81664,50,60.98545822999999,810,130,81.66,0.0003,0.06402087025344372,-20.74039936065674,-4.2635456919670105,9580,21.81755355000496
82410,56,71.36845721,820,130,81.57,0.0003,0.0626049879938364,-21.074867248535156,-4.854818820953369,9676,23.565819680690765
83375,63,69.37507924,830,131,83.03,0.0003,0.060853385366499424,-20.939229011535645,-5.307190537452698,9796,11.764973551034927
84339,70,69.33674757,840,131,83.53,0.0003,0.05919414386153221,-19.331599235534668,-4.7929733991622925,9916,23.210005521774292
85305,77,65.05254291000001,850,131,85.27,0.0003,0.057591053657233715,-21.79010581970215,-4.394628405570984,10036,14.967422068119049
86081,83,67.18909205000001,860,131,83.26,0.0003,0.05627018306404352,-20.722020149230957,-4.302103519439697,10136,23.994270592927933
87098,91,65.02900934,870,131,85.58,0.0003,0.05473578255623579,-20.659736156463623,-4.386774778366089,10260,5.213558882474899
87782,96,65.11998681000001,880,131,85.67,0.0003,0.05367528460919857,-22.685551166534424,-4.162064850330353,10348,34.150033593177795
88889,104,59.00495446000001,890,131,89.85,0.0003,0.05198297090828419,-22.041693210601807,-3.9132805466651917,10484,12.328915119171143
89834,111,61.31908601000001,900,131,92.04,0.0003,0.05071690492331982,-21.06096887588501,-4.103858411312103,10604,46.15485322475433
90766,119,59.189233959999996,910,131,91.02,0.0003,0.0494309039786458,-22.65232515335083,-3.81527578830719,10720,18.329736948013306
91613,125,52.938927969999995,920,131,92.03,0.0003,0.04837562143802643,-21.24904727935791,-3.8655322194099426,10824,8.938172996044159
92370,131,57.14291026,930,131,89.95,0.0003,0.04742473643273115,-23.03489065170288,-3.6408233046531677,10920,42.51630061864853
93082,136,61.77233243,940,131,87.43,0.0003,0.04656607657670975,-23.107192993164062,-3.905455708503723,11008,19.333323001861572
93681,141,75.13812956999999,950,131,83.76,0.0003,0.04583481699228287,-23.194164752960205,-4.10547149181366,11084,4.971237778663635
94391,146,83.01461794999999,960,131,83.1,0.0003,0.045071179047226906,-23.63150119781494,-3.254691421985626,11172,22.703697860240936
95283,153,94.55889462999998,970,131,81.85,0.0003,0.04411184135824442,-23.152601718902588,-2.9771730303764343,11284,13.187591910362244
95818,157,99.2463891,980,131,80.36,0.0003,0.04352984018623829,-23.559068202972412,-3.020820140838623,11352,16.64659994840622
96263,160,111.90587803999999,990,131,73.74,0.0003,0.04312116652727127,-23.53684949874878,-2.997194290161133,11408,18.578145742416382
96739,164,114.25732109,1000,131,69.05,0.0003,0.04271806310862303,-24.351521015167236,-1.9081647396087646,11468,7.711455821990967
97311,168,129.6045828,1010,131,65.45,0.0003,0.042255801148712635,-24.591099739074707,-1.5858719050884247,11536,5.418244779109955
98007,174,129.87213497999997,1020,131,63.94,0.0003,0.04168503452092409,-25.108173370361328,-2.3869402408599854,11624,29.80823713541031
98653,179,134.39028128,1030,131,62.83,0.0003,0.04112743306905031,-24.551527976989746,-2.2545086145401,11704,18.264392375946045
99340,184,140.72743092000002,1040,131,62.58,0.0003,0.04055094160139561,-25.4952392578125,-1.9903470277786255,11792,7.768417716026306
99915,189,142.78432469,1050,131,62.34,0.0003,0.04006787296384573,-25.76920747756958,-2.050863265991211,11864,25.665313720703125
100344,2,145.99120803999998,1060,111,59.03,0.0003,0.03972757887095213,-25.371066093444824,-1.947255551815033,11916,13.850570559501648
101093,8,143.2838956,1070,121,57.6,0.0003,0.039270805194973946,-26.880032062530518,-2.135495662689209,12012,26.19558697938919
101716,12,145.46333547999998,1080,124,58.48,0.0003,0.0388783710077405,-27.603657245635986,-1.8128487765789032,12088,48.83333659172058
102552,19,143.49144966000003,1090,128,62.39,0.0003,0.03832314722239971,-25.809759616851807,-1.6862527430057526,12192,27.718842029571533
103084,23,150.14236269,1100,128,62.95,0.0003,0.038114070892333984,-26.552321434020996,-1.6311210095882416,12260,20.05161052942276
103722,28,145.70863913999997,1110,128,63.61,0.0003,0.03773715067654848,-27.09232807159424,-0.5277666822075844,12340,32.706763088703156
104252,32,156.04938579,1120,128,61.95,0.0003,0.03755071572959423,-28.178260803222656,-0.8163234479725361,12404,16.945453107357025
104869,37,158.15488191,1130,128,61.66,0.0003,0.03731440845876932,-28.400351524353027,-1.5124899744987488,12484,25.556463599205017
105459,41,162.87149967000002,1140,128,60.69,0.0003,0.03709415812045336,-29.12737274169922,-0.5658961609005928,12556,13.483657479286194
105840,44,165.12207870000003,1150,128,58.75,0.0003,0.036994981579482555,-29.621020793914795,-1.7788524627685547,12604,53.073753118515015
106382,48,167.19014313,1160,128,60.38,0.0003,0.03692605625838041,-30.79451322555542,-0.1786658987402916,12672,22.640029430389404
106743,51,173.77971051000003,1170,129,56.5,0.0003,0.036867545917630196,-30.466461658477783,-0.22057786211371422,12716,83.28231143951416
107180,55,177.93867184,1180,128,54.64,0.0003,0.03686579968780279,-30.345954418182373,-0.5079856961965561,12772,9.412913918495178
107577,58,184.44983014999997,1190,128,50.25,0.0003,0.036791048012673855,-28.635514736175537,-1.2734353244304657,12820,43.45549166202545
107932,60,186.37359038,1200,128,48.48,0.0003,0.0366388289257884,-32.81823539733887,-0.42652037739753723,12864,21.286623239517212
108517,65,193.10473582000003,1210,129,47.95,0.0003,0.036542789079248905,-32.05585765838623,-0.9390973150730133,12940,18.32035517692566
109091,69,197.90088551999997,1220,129,48.39,0.0003,0.03658427018672228,-33.5098819732666,0.40497544407844543,13012,60.14865982532501
109507,72,198.24156573,1230,129,46.38,0.0003,0.036606873385608196,-32.75994682312012,-1.0046286433935165,13064,55.033297538757324
109960,76,191.65818055000003,1240,129,45.01,0.0003,0.036796825006604195,-31.71321392059326,1.2878183722496033,13120,20.082177877426147
110633,81,191.87937946999998,1250,128,47.93,0.0003,0.0368940494954586,-32.065189838409424,0.5895365290343761,13204,23.464237213134766
111144,85,187.7837576,1260,128,47.62,0.0003,0.03693809825927019,-33.770588874816895,0.03017892688512802,13268,22.74757981300354
111584,89,187.93968054,1270,128,48.41,0.0003,0.03693591430783272,-34.9714412689209,0.24931254610419273,13320,51.58552312850952
112216,94,181.96499513999998,1280,128,50.36,0.0003,0.036901320330798626,-34.32754135131836,-1.0477656424045563,13400,33.08625054359436
112762,98,180.08354774,1290,128,51.85,0.0003,0.03686488792300224,-33.15259552001953,-1.0895545184612274,13468,43.380696296691895
113268,102,178.02700746000005,1300,128,53.36,0.0003,0.03677308652549982,-34.1531400680542,1.2227122634649277,13532,54.417293310165405
113612,104,177.86858364000003,1310,128,50.95,0.0003,0.0368787394836545,-34.20367240905762,0.0447596050798893,13576,50.66212213039398
114110,108,175.8544959,1320,128,50.19,0.0003,0.037087006494402885,-34.953269958496094,-1.0963261872529984,13636,35.40431761741638
114549,112,180.10706951,1330,128,50.42,0.0003,0.03712991625070572,-33.920756816864014,0.31557412073016167,13692,28.776238203048706
114961,115,188.65879168999996,1340,128,50.01,0.0003,0.037410033866763115,-38.39062023162842,-0.7838005572557449,13744,53.91584300994873
115298,118,190.53751148000003,1350,128,46.65,0.0003,0.03740756865590811,-35.37488269805908,-0.6610710471868515,13788,28.12121868133545
115644,121,194.70154384000006,1360,128,45.0,0.0003,0.037449827417731285,-38.481143951416016,0.35332413390278816,13828,39.006596088409424
116003,124,192.5867645,1370,128,44.19,0.0003,0.037552906200289726,-36.838446617126465,-0.8417484909296036,13876,14.703911304473877
116410,127,196.47439704,1380,128,41.94,0.0003,0.0374626936390996,-39.317490577697754,-0.13757700473070145,13924,18.56131887435913
117119,132,194.46143555999996,1390,128,43.57,0.0003,0.03812404256314039,-36.12044811248779,1.0135564059019089,14012,44.6108455657959
117528,136,196.48078361,1400,128,42.6,0.0003,0.03825908061116934,-37.1271448135376,0.5430971123278141,14064,44.26879334449768
117823,138,192.29149118,1410,127,42.11,0.0003,0.03830996435135603,-38.56642436981201,-0.02421495132148266,14100,17.609662771224976
118329,142,192.37052760000003,1420,127,42.19,0.0003,0.0386907858774066,-39.67658805847168,1.4125013649463654,14164,28.672876238822937
118678,145,190.274845,1430,127,41.29,0.0003,0.03891764860600233,-39.115294456481934,0.7015492618083954,14208,38.883137702941895
119087,148,190.35607814000002,1440,127,41.26,0.0003,0.03927157912403345,-41.17605972290039,-0.5631284713745117,14260,34.61020374298096
119720,153,188.37569100999997,1450,127,44.22,0.0003,0.03985485900193453,-40.651976585388184,-0.1290169060230255,14340,45.439430713653564
120121,156,188.24396989000002,1460,127,44.77,0.0003,0.0399678610265255,-40.01364803314209,1.3432401716709137,14388,27.450172424316406
120460,159,188.15784680000007,1470,127,44.57,0.0003,0.04044094402343035,-38.974013328552246,0.1374168060719967,14432,29.12618064880371
120794,162,188.18746932000002,1480,127,43.84,0.0003,0.04065023735165596,-41.238051414489746,1.1239662319421768,14472,19.63306188583374
121142,165,194.22459179,1490,127,40.23,0.0003,0.04106698092073202,-42.23612594604492,2.000128000974655,14516,31.103059768676758
121528,168,194.25558796999994,1500,127,40.0,0.0003,0.041688257828354836,-43.742512702941895,1.3061700612306595,14564,28.910897135734558
121854,170,196.42314455,1510,127,40.31,0.0003,0.041967752389609814,-39.503671646118164,1.524949386715889,14604,65.6743016242981
122199,173,198.2918832,1520,127,38.7,0.0003,0.042385729029774666,-43.41974925994873,1.3305279165506363,14648,48.04132795333862
122687,177,198.46155884000004,1530,127,40.09,0.0003,0.043132271617650986,-43.976898193359375,2.9147865176200867,14708,19.351056456565857
122995,179,194.22568476000006,1540,127,39.08,0.0003,0.04365683067589998,-42.20052146911621,0.9635673873126507,14748,47.67352056503296
123313,182,194.17861908999998,1550,127,35.93,0.0003,0.043948667123913765,-41.561105728149414,0.29784754663705826,14788,38.350356340408325
123698,185,192.13541296,1560,127,35.77,0.0003,0.04424567427486181,-43.48123073577881,0.9638174921274185,14836,39.72096037864685
124205,189,192.02167846,1570,127,37.45,0.0003,0.04485341254621744,-44.17731189727783,1.9344517290592194,14900,47.88735222816467
124511,192,187.81674597,1580,127,37.17,0.0003,0.04529035650193691,-42.718482971191406,0.07134975492954254,14936,27.933685660362244
124834,194,185.69791821,1590,127,36.92,0.0003,0.04556481912732124,-47.62873840332031,1.4888839721679688,14980,50.6608681678772
125185,0,181.54186542,1600,101,36.28,0.0003,0.04596973583102226,-43.78475570678711,0.6495615504682064,15024,51.056812047958374
125528,1,183.66195136000002,1610,221,36.45,0.0003,0.04633043985813856,-42.47420883178711,1.300708383321762,15064,77.20217227935791
126022,4,181.80340716000003,1620,185,37.94,0.0003,0.04688192531466484,-43.98866271972656,1.3055431246757507,15128,14.320809125900269
126379,7,185.77111162000006,1630,160,36.63,0.0003,0.047408836893737316,-48.757283210754395,0.5137224067002535,15172,16.573109030723572
126695,10,183.58791417000003,1640,150,36.71,0.0003,0.047610584646463394,-47.55620765686035,0.7375845015048981,15212,44.588515758514404
127038,12,185.58772368,1650,147,36.96,0.0003,0.04805256240069866,-50.00390911102295,0.6916392426937819,15252,47.52558898925781
127385,15,187.58163313999998,1660,143,36.58,0.0003,0.048381793312728405,-48.60215950012207,0.25832560658454895,15296,42.797998905181885
127766,18,189.79099542999995,1670,139,35.32,0.0003,0.048708424903452396,-50.73636436462402,3.52965772151947,15344,61.27157402038574
128108,21,196.21440926,1680,137,35.68,0.0003,0.04914595279842615,-47.5279483795166,0.9589249491691589,15388,16.803280115127563
128463,24,196.06811566000005,1690,135,36.0,0.0003,0.049663699232041836,-50.36906433105469,1.2903084456920624,15432,34.55267262458801
128808,27,198.22655824999998,1700,133,36.23,0.0003,0.050121462903916836,-51.29078483581543,0.10712531581521034,15476,32.78483295440674
129158,30,198.22579202,1710,132,36.3,0.0003,0.05037192814052105,-50.85696601867676,1.8035529255867004,15520,52.032912254333496
129547,33,200.07181274,1720,131,35.25,0.0003,0.05072931572794914,-50.16084671020508,0.7693481147289276,15568,10.251980423927307
129939,36,198.03123730000004,1730,131,35.6,0.0003,0.051172892563045025,-48.417808532714844,-0.6476696049794555,15616,27.33421301841736
130284,39,204.44154151000004,1740,131,35.89,0.0003,0.05143522936850786,-49.567867279052734,0.3354763835668564,15660,21.69425642490387
130623,42,202.31682893,1750,130,35.85,0.0003,0.05182799696922302,-49.699463844299316,1.3639931976795197,15700,73.17819309234619
130950,44,200.21401811000004,1760,129,35.65,0.0003,0.052348761819303036,-49.56340312957764,0.3917052373290062,15744,31.9342200756073
131375,48,191.91763785999999,1770,129,36.09,0.0003,0.05305014457553625,-53.22374439239502,1.0354537814855576,15796,43.92677354812622
131672,50,187.60115631,1780,130,35.64,0.0003,0.05360385775566101,-51.68026828765869,2.0318069458007812,15832,59.76559889316559
132023,53,187.8361736,1790,129,35.6,0.0003,0.054499260149896145,-52.78914165496826,1.8724223673343658,15876,14.145326137542725
132358,55,185.77853679,1800,129,35.5,0.0003,0.05514907091856003,-49.41213607788086,0.5414199829101562,15920,38.04528498649597
132697,58,187.83828744999994,1810,129,35.39,0.0003,0.05562152341008186,-49.79807090759277,1.7390464842319489,15960,25.143946409225464
132999,60,183.73855172,1820,129,34.52,0.0003,0.056107280775904655,-52.54672336578369,0.3412370979785919,16000,13.086199045181274
133322,63,183.67325338000003,1830,129,33.83,0.0003,0.05651509203016758,-54.298935890197754,1.4086680114269257,16040,11.363319635391235
133662,66,183.66047942999998,1840,128,33.78,0.0003,0.05714957043528557,-54.47952842712402,0.7598741054534912,16080,14.207210183143616
133968,68,183.75901478,1850,128,33.45,0.0003,0.05774326343089342,-54.07832050323486,0.48745597898960114,16120,19.31668245792389
134295,71,183.82436672999995,1860,128,33.45,0.0003,0.05810140632092953,-54.27397155761719,0.8703039735555649,16160,69.04583168029785
134639,74,189.97271277,1870,128,32.64,0.0003,0.05852219928056002,-54.55916213989258,0.4312680661678314,16204,15.724488735198975
134928,76,190.03262026000002,1880,128,32.56,0.0003,0.058825014159083366,-55.03642463684082,0.7607234865427017,16240,63.60757350921631
135236,79,189.94540683,1890,127,32.13,0.0003,0.05941587779670954,-55.30168533325195,0.8412904292345047,16280,47.370304107666016
135565,81,193.97605475999998,1900,127,32.07,0.0003,0.06002314481884241,-58.0802001953125,1.226906567811966,16320,32.45800971984863
135903,84,193.97848905999996,1910,127,32.06,0.0003,0.06051408872008324,-57.77956676483154,1.5692777335643768,16360,9.949650049209595
136233,87,193.95339662999996,1920,127,32.34,0.0003,0.06086897011846304,-55.587087631225586,0.4529784917831421,16404,27.48500967025757
136714,91,189.99742389999994,1930,127,33.92,0.0003,0.06155808176845312,-56.07350254058838,0.33086489140987396,16464,49.99112510681152
137064,93,187.89913095,1940,127,34.02,0.0003,0.062099162489175797,-58.590128898620605,-0.017350077629089355,16508,33.13016426563263
137422,96,190.02305626,1950,127,34.54,0.0003,0.06251713261008263,-57.306758880615234,1.3880915641784668,16552,15.895959854125977
137766,99,192.18950446000002,1960,127,34.71,0.0003,0.06313427537679672,-56.13840675354004,1.990988701581955,16596,27.613864421844482
138216,103,185.76424500000002,1970,127,35.77,0.0003,0.06413685530424118,-61.673638343811035,0.46753403544425964,16652,40.80134892463684
138526,105,187.93881555000004,1980,127,35.98,0.0003,0.06464171223342419,-60.291720390319824,0.9200949221849442,16688,48.29109215736389
138832,107,185.92976895,1990,126,35.96,0.0003,0.06483435072004795,-58.83354949951172,0.9506983160972595,16728,7.2266846895217896
139161,110,181.69400772,2000,126,35.96,0.0003,0.06545649282634258,-58.35251426696777,1.3406301736831665,16768,34.50205874443054
139506,113,181.80748057000005,2010,126,36.03,0.0003,0.06641717255115509,-61.1811466217041,1.095415934920311,16812,30.51577854156494
139856,116,183.84132590000004,2020,126,36.23,0.0003,0.06687364540994167,-60.00350761413574,1.1335038989782333,16856,27.531458973884583
140189,119,187.71054271,2030,126,34.75,0.0003,0.06735614687204361,-63.61360454559326,0.14945970103144646,16896,50.371756076812744
140537,121,189.75800723,2040,126,34.73,0.0003,0.0679535511881113,-61.22305107116699,0.12621231004595757,16940,30.12522053718567
140889,124,187.5704812,2050,126,34.67,0.0003,0.06825563870370388,-63.40628147125244,0.9818660467863083,16984,46.863964557647705
141213,127,183.45846073,2060,126,34.47,0.0003,0.06893347017467022,-61.898253440856934,1.0838132724165916,17024,56.054495334625244
141545,130,189.88718775000004,2070,126,33.29,0.0003,0.06952027790248394,-63.147934913635254,0.7721823677420616,17068,16.183977842330933
141860,132,189.83370906,2080,126,33.34,0.0003,0.07025880739092827,-62.04622459411621,0.7615279331803322,17108,20.555824279785156
142191,135,194.07700827999997,2090,126,33.59,0.0003,0.07102276384830475,-62.14963722229004,0.9320279285311699,17148,80.4467990398407
142516,137,194.30007043,2100,126,33.55,0.0003,0.07173450104892254,-67.43571853637695,2.010963022708893,17188,8.827509701251984
142862,140,192.12473875000003,2110,126,33.56,0.0003,0.07275138795375824,-65.19551086425781,0.7880795300006866,17232,30.866862535476685
143176,143,190.04997532,2120,126,33.2,0.0003,0.07298150844871998,-67.51424598693848,0.9870250821113586,17272,53.462331771850586
143520,145,192.46950430999996,2130,126,33.31,0.0003,0.07395628094673157,-64.32011127471924,0.8219786584377289,17312,9.076257944107056
143850,148,188.092896,2140,126,33.13,0.0003,0.07463880814611912,-61.844703674316406,0.050885481759905815,17356,30.163975715637207
144165,151,186.16139758999998,2150,126,32.76,0.0003,0.07497400790452957,-66.61039924621582,0.4169051945209503,17396,11.356752157211304
144469,153,181.84905103999998,2160,126,32.56,0.0003,0.07529226690530777,-66.64669513702393,0.49419689178466797,17432,94.5033392906189
144771,155,179.85491722999998,2170,126,32.26,0.0003,0.07545208744704723,-63.740628242492676,0.3588501773774624,17472,21.690428972244263
145269,159,179.62669542,2180,126,34.09,0.0003,0.07586988620460033,-66.22907733917236,1.7268224358558655,17532,42.01725900173187
145594,162,177.43161787,2190,126,34.03,0.0003,0.0769557487219572,-66.56928443908691,-0.22370589524507523,17572,27.569298148155212
145931,165,181.55018757000002,2200,126,34.15,0.0003,0.07749983109533787,-65.79595565795898,0.35450154915452003,17616,13.482647180557251
146256,167,181.71938247999995,2210,126,33.94,0.0003,0.07790089957416058,-68.33597373962402,0.13528137281537056,17656,60.953988552093506
146605,170,183.83179650999998,2220,125,34.29,0.0003,0.07790978066623211,-68.37337303161621,0.7092908695340157,17700,47.48015761375427
146909,172,179.49820104999998,2230,125,33.89,0.0003,0.07838772423565388,-67.12135314941406,0.06268313527107239,17736,61.654301404953
147260,175,183.85672559999995,2240,125,34.1,0.0003,0.07882530428469181,-68.72150039672852,0.31397179514169693,17780,6.76893675327301
147595,178,185.85452334,2250,125,34.3,0.0003,0.07891820184886456,-70.53304290771484,0.7588013559579849,17824,60.58973717689514
148067,182,187.6022393,2260,125,35.98,0.0003,0.07927568815648556,-70.6248836517334,0.20664997026324272,17884,19.19180178642273
148386,184,189.57932619999997,2270,125,36.15,0.0003,0.07944540306925774,-68.71285438537598,-0.3231601230800152,17924,14.416878938674927
148729,187,191.93153237,2280,125,34.6,0.0003,0.0796826109290123,-67.5013313293457,-0.3368673250079155,17964,16.462841987609863
149069,190,194.01100007000002,2290,125,34.75,0.0003,0.0802918616682291,-67.66458892822266,-0.3570308703929186,18008,52.157461643218994
149418,193,194.06379685999997,2300,125,34.87,0.0003,0.08059228956699371,-67.62436962127686,0.000581168569624424,18052,17.672086000442505
149741,195,191.78020014,2310,125,34.85,0.0003,0.0810335073620081,-68.41528701782227,0.8282395303249359,18092,30.140931367874146
150070,198,189.80576542000003,2320,125,34.65,0.0003,0.08139592595398426,-72.41803359985352,1.0737040340900421,18132,29.01680898666382
150412,2,193.94098745999997,2330,109,34.96,0.0003,0.0819734800606966,-70.33598899841309,0.6084156781435013,18176,27.16346788406372
150748,5,193.99069546,2340,119,34.81,0.0003,0.08237375877797604,-68.30276679992676,0.31609032303094864,18216,13.01633369922638
151084,7,196.15677132999997,2350,120,34.82,0.0003,0.08332519233226776,-73.05646133422852,0.2820666767656803,18260,23.01102316379547
151408,10,198.53504404,2360,120,33.34,0.0003,0.08398351073265076,-70.96821403503418,0.058254677802324295,18300,34.625176668167114
151756,13,200.66569843000005,2370,121,33.63,0.0003,0.08486915938556194,-70.27120399475098,0.9119857102632523,18344,26.61295747756958
152100,16,200.62351660000002,2380,121,33.64,0.0003,0.08542399480938911,-71.82364082336426,0.536050695925951,18388,26.14938521385193
152420,18,198.60850664000006,2390,121,33.44,0.0003,0.08619500696659088,-72.7468433380127,-0.34966423362493515,18428,34.330222606658936
152745,21,196.46332059,2400,121,33.2,0.0003,0.08646865747869015,-73.30711555480957,0.3414654769003391,18468,36.036149084568024
153083,24,200.7226144,2410,122,33.35,0.0003,0.08675486780703068,-71.46305084228516,-0.19493462890386581,18508,33.75787019729614
153419,26,204.74013006,2420,122,33.42,0.0003,0.08700306341052055,-75.2178783416748,0.34016122855246067,18552,42.13815212249756
153751,29,204.69917634,2430,122,33.39,0.0003,0.08760636113584042,-73.8809928894043,0.7842756137251854,18592,33.71990776062012
154088,32,204.65161238999997,2440,121,33.4,0.0003,0.08826209045946598,-74.27065658569336,1.0004729479551315,18636,19.038037538528442
154416,34,200.41932859,2450,122,33.32,0.0003,0.08897482976317406,-72.95358085632324,0.542705588042736,18676,92.52812623977661
154741,37,202.70616495000004,2460,122,33.33,0.0003,0.08966587670147419,-74.64181900024414,0.13697564229369164,18716,45.90830683708191
155061,39,198.68895268999998,2470,123,33.05,0.0003,0.0899689793586731,-75.42197227478027,-0.3561656102538109,18756,34.30449104309082
155399,42,198.60088577,2480,123,32.99,0.0003,0.09031320735812187,-79.0853099822998,0.3757113851606846,18800,42.94453239440918
155737,45,200.64139521,2490,123,33.17,0.0003,0.09085627645254135,-75.3289737701416,-0.035208866000175476,18840,23.636245727539062
156070,48,202.7861177,2500,123,33.25,0.0003,0.09111076965928078,-77.77921104431152,0.43405142426490784,18884,13.018474102020264
156409,50,202.71035174999997,2510,123,33.26,0.0003,0.09161321073770523,-77.49250221252441,0.03879294544458389,18924,38.04955005645752
156751,53,200.82112589999997,2520,123,33.32,0.0003,0.09178466349840164,-74.69766616821289,0.12554999068379402,18968,11.068003356456757
157085,56,200.93213829,2530,123,33.34,0.0003,0.09208950959146023,-74.9027099609375,0.2746242433786392,19008,77.95149838924408
157406,58,198.81046185000002,2540,123,33.18,0.0003,0.09231154061853886,-77.59771347045898,0.3374870615079999,19048,99.65715086460114
157733,61,200.83971778000003,2550,123,33.17,0.0003,0.09237192012369633,-73.91312217712402,-0.43403712660074234,19092,31.844255328178406
158060,63,200.64938821999996,2560,123,33.19,0.0003,0.09203019365668297,-78.23031425476074,0.3016833756119013,19132,58.926618337631226
158350,66,198.41261654000002,2570,123,32.89,0.0003,0.09262583218514919,-76.51836585998535,0.1471982579678297,19168,47.879188537597656
158686,68,198.53182936999997,2580,123,32.87,0.0003,0.0928583350032568,-80.15210914611816,-0.00435743760317564,19208,63.70352649688721
159002,71,196.48600619000004,2590,123,32.65,0.0003,0.09342495910823345,-80.97089767456055,0.4216315485537052,19248,74.24605941772461
159299,73,190.07297322000002,2600,123,32.29,0.0003,0.09387869201600552,-79.93037414550781,0.9659543186426163,19288,7.891554236412048
159640,76,190.04886281,2610,123,32.31,0.0003,0.09413723833858967,-79.7310562133789,0.01837783120572567,19328,63.85307550430298
159957,79,189.86240346000002,2620,123,32.06,0.0003,0.094138627871871,-78.48494529724121,-0.02248014695942402,19368,66.57522058486938
160292,81,189.86685071999997,2630,124,32.07,0.0003,0.09482607245445251,-75.15248107910156,0.058156028389930725,19412,32.28924798965454
160621,84,189.7527636,2640,124,32.15,0.0003,0.09483872912824154,-80.7586555480957,0.41938330978155136,19452,36.12912893295288
160976,87,191.88120088,2650,124,32.43,0.0003,0.09500931203365326,-82.87674140930176,0.545163307338953,19496,30.80196738243103
161284,89,189.78459988999998,2660,124,32.24,0.0003,0.09543012455105782,-83.08296966552734,0.07361150346696377,19536,16.332778573036194
161631,92,196.02280835000005,2670,124,32.81,0.0003,0.09606916271150112,-79.69040107727051,-0.589195255190134,19576,64.71868920326233
161993,95,195.86011141000003,2680,124,33.07,0.0003,0.09619614854454994,-79.9827995300293,-0.18827653490006924,19624,70.96750831604004
162332,98,197.93703506999998,2690,124,33.3,0.0003,0.09650749899446964,-81.09860038757324,0.4667055197060108,19664,115.56472778320312
162689,101,204.23303199000003,2700,124,33.9,0.0003,0.09647322446107864,-80.69615936279297,0.1742299534380436,19712,25.849178314208984
163023,103,204.35619078,2710,124,33.83,0.0003,0.09680933877825737,-80.77124404907227,-0.12522218376398087,19752,36.353760719299316
163359,106,204.45877799,2720,124,34.02,0.0003,0.09715263731777668,-80.30336952209473,0.5676393210887909,19792,31.057299375534058
163692,108,202.34202435999998,2730,124,34.0,0.0003,0.0978754460811615,-83.05569648742676,-0.6122311651706696,19836,15.316804647445679
164019,111,202.34248035000002,2740,124,33.98,0.0003,0.09773173741996288,-85.25559425354004,-0.6057690642774105,19876,56.87054908275604
164331,114,198.27349191999997,2750,124,33.55,0.0003,0.0975994411855936,-85.56011009216309,0.260103078559041,19916,81.86040544509888
164656,116,200.45720425,2760,124,33.72,0.0003,0.09774409979581833,-83.59378623962402,0.258510235697031,19956,106.21013927459717
164966,119,196.19408195,2770,124,33.35,0.0003,0.09766795486211777,-84.41771507263184,0.04775051772594452,19996,28.22593927383423
165296,121,196.37591174999994,2780,124,33.03,0.0003,0.09813977032899857,-87.48348617553711,0.09226012229919434,20036,6.197414875030518
165626,124,196.40549479,2790,124,32.94,0.0003,0.09860588237643242,-84.61502265930176,0.15164727345108986,20076,65.22501826286316
165971,127,196.45205365,2800,124,32.82,0.0003,0.09865805879235268,-84.97841835021973,0.6974114626646042,20120,11.982097625732422
166321,129,196.21976863999996,2810,124,32.98,0.0003,0.099168686196208,-84.1149787902832,-0.4701499007642269,20164,19.162693738937378
166653,132,196.21069921999998,2820,124,32.94,0.0003,0.09908095374703407,-86.53727722167969,-0.1729380115866661,20204,8.802497386932373
166955,134,189.89275306000002,2830,124,32.63,0.0003,0.09924469329416752,-82.44314193725586,0.31962500140070915,20244,40.87082052230835
167273,137,190.0180452,2840,124,32.54,0.0003,0.1001533642411232,-84.63788032531738,-0.2138821640983224,20284,57.00672221183777
167604,140,194.02239482000005,2850,124,32.73,0.0003,0.10010764189064503,-83.75675201416016,-0.2081563025712967,20324,47.01167118549347
167931,142,196.22837597999998,2860,124,32.75,0.0003,0.10002164915204048,-89.67692947387695,0.6385176181793213,20364,12.251623392105103
168277,145,200.58486922,2870,124,33.11,0.0003,0.1008540615439415,-86.11102104187012,0.12823767215013504,20408,111.67271637916565
168574,147,196.25474188000004,2880,124,32.78,0.0003,0.10114782117307186,-85.99077606201172,0.05378309264779091,20444,71.32838082313538
168928,150,193.89156210999994,2890,124,33.02,0.0003,0.1011310014873743,-86.99604606628418,-0.2924330420792103,20488,65.48035454750061
169254,153,193.82976037,2900,124,32.83,0.0003,0.1012418195605278,-82.05323791503906,0.003567967563867569,20532,49.389076948165894
169569,155,191.95933881000005,2910,124,32.48,0.0003,0.10146844200789928,-85.72058486938477,0.28307841159403324,20572,9.911019086837769
169901,158,194.11411882000002,2920,124,32.48,0.0003,0.10189308598637581,-85.59787940979004,0.04188593104481697,20612,49.00975060462952
170249,161,202.57191124999997,2930,124,32.94,0.0003,0.10240036249160767,-89.09468078613281,0.8543824851512909,20656,49.13062572479248
170559,164,200.51939424999992,2940,124,32.86,0.0003,0.10357953421771526,-85.1378345489502,-0.205829206854105,20692,62.88144111633301
170906,166,200.59160741,2950,124,33.02,0.0003,0.10394023545086384,-88.83736610412598,0.5976686924695969,20736,39.33378064632416
171253,169,198.39951595000002,2960,124,33.22,0.0003,0.10437709838151932,-82.96013641357422,0.2832100074738264,20780,77.52406144142151
171576,172,192.02061780000002,2970,124,32.99,0.0003,0.10447699017822742,-87.85223197937012,0.2501429934054613,20820,46.93924903869629
171922,175,196.21859899000006,2980,124,33.48,0.0003,0.10428269393742085,-83.97815704345703,0.3031595963984728,20864,45.23748958110809
172270,177,198.41964897999998,2990,124,33.42,0.0003,0.1044962927699089,-88.1993522644043,0.33685895800590515,20908,49.905137062072754
172626,180,198.30696735,3000,124,33.72,0.0003,0.1050726305693388,-95.29283905029297,0.8438412845134735,20952,9.262934565544128
172984,183,198.17082215,3010,124,34.15,0.0003,0.10490824840962887,-91.22856521606445,0.0952064748853445,20996,63.777480363845825
173322,186,195.9491749,3020,124,34.21,0.0003,0.10547551698982716,-90.57609748840332,0.17658553831279278,21040,30.14173400402069
173667,189,193.84771185000002,3030,124,34.18,0.0003,0.10551154054701328,-89.65956497192383,0.3776775747537613,21084,111.85493469238281
173989,192,195.98721135000008,3040,124,34.3,0.0003,0.1053116861730814,-93.07416152954102,0.48064064234495163,21124,91.31047630310059
174319,194,193.84210741000004,3050,124,34.13,0.0003,0.10592342354357243,-91.10976028442383,0.04049997217953205,21164,67.4772617816925
174646,197,193.68820286,3060,124,33.93,0.0003,0.10621767863631248,-90.28758239746094,0.28529132530093193,21204,93.44469237327576
175020,200,200.00554831999997,3070,124,34.44,0.0003,0.10603279620409012,-94.97768592834473,0.1381691861897707,21252,66.60007953643799
175372,1,199.88879742000006,3080,107,34.38,0.0003,0.10610551200807095,-91.2217903137207,-0.1694212108850479,21296,5.490106821060181
175716,4,197.91774033,3090,119,34.34,0.0003,0.1059281025081873,-89.9793643951416,-0.20229391288012266,21340,39.398499965667725
176071,7,198.00728061,3100,120,34.33,0.0003,0.10669182240962982,-97.59208106994629,-0.09578073211014271,21384,15.060859441757202
176417,10,200.23520636999993,3110,122,34.21,0.0003,0.10718725621700287,-92.28595161437988,0.23787360731512308,21428,7.7730783224105835
176762,12,200.36847614,3120,122,34.28,0.0003,0.10771260596811771,-94.10194396972656,0.1743569215759635,21468,97.22364926338196
177112,15,202.45000197,3130,123,34.33,0.0003,0.10904415883123875,-89.97940063476562,-0.30461113154888153,21512,65.91718459129333
177455,18,204.58926068000005,3140,124,34.54,0.0003,0.10890149138867855,-90.55543518066406,-0.010576123371720314,21556,35.16995668411255
177812,21,206.71173608,3150,124,34.81,0.0003,0.10917619802057743,-91.22103500366211,-0.5151264667510986,21600,74.89772772789001
178146,24,206.81425165999997,3160,124,34.88,0.0003,0.10905931890010834,-91.90512466430664,0.24401597492396832,21644,9.936123609542847
178453,26,200.46038841,3170,124,34.21,0.0003,0.10942271538078785,-94.65044593811035,0.18126746639609337,21680,117.34404754638672
178807,29,200.66845356999994,3180,124,34.35,0.0003,0.10938073880970478,-95.19968795776367,0.31216495484113693,21724,168.51324844360352
179157,32,202.80512771000005,3190,124,34.41,0.0003,0.11028353311121464,-94.08315658569336,0.7094410955905914,21768,25.888474106788635
179494,34,203.01271842000003,3200,124,34.23,0.0003,0.11139007657766342,-91.98101806640625,-0.15909403562545776,21812,24.550751090049744
179829,37,200.90951483000003,3210,124,34.12,0.0003,0.11222411319613457,-96.5611457824707,-0.24469422549009323,21852,37.76981496810913
180183,40,200.88058854,3220,125,34.21,0.0003,0.11213032156229019,-96.03172492980957,0.19538094475865364,21896,68.1302832365036
180505,42,198.78056602,3230,125,33.93,0.0003,0.11240043491125107,-96.07881927490234,0.0654323361814022,21936,27.766823291778564
180827,45,196.54209207,3240,125,33.72,0.0003,0.11293130740523338,-94.40715789794922,-0.6063709370791912,21976,41.666316986083984
181161,48,194.37725453,3250,124,33.49,0.0003,0.1127829197794199,-97.73766136169434,0.23739666119217873,22020,50.25123381614685
181486,50,194.34497439999998,3260,124,33.4,0.0003,0.11381024867296219,-96.19250869750977,-0.26547093130648136,22060,6.5919235944747925
181810,53,198.57543267999995,3270,125,33.57,0.0003,0.11376246437430382,-90.78803443908691,0.007429817225784063,22100,43.40197515487671
182163,55,198.53019700000002,3280,125,33.56,0.0003,0.1138224583119154,-93.41124153137207,-0.14628708735108376,22144,79.17647171020508
182518,58,198.47591822,3290,125,33.61,0.0003,0.11442551575601101,-99.61250495910645,-0.1745788436383009,22188,46.46253967285156
182868,61,198.28540016999995,3300,125,33.74,0.0003,0.11441229283809662,-94.15030670166016,0.07632389292120934,22232,7.695870935916901
183221,64,200.27561338999996,3310,125,33.92,0.0003,0.11403499357402325,-96.70511436462402,0.22991481889039278,22276,14.699453830718994
183574,67,202.20755651,3320,125,33.91,0.0003,0.11388753913342953,-94.87765121459961,0.1293746680021286,22320,15.757428884506226
184052,70,201.84339446,3330,125,35.47,0.0003,0.11362695693969727,-98.86191749572754,0.03732864744961262,22380,65.77355492115021
184398,73,203.88606548000004,3340,125,35.71,0.0003,0.11377963796257973,-98.33761596679688,0.3021908849477768,22424,95.0759539604187
184702,75,201.84003290000004,3350,125,35.41,0.0003,0.11505375057458878,-98.03011894226074,-0.16604846715927124,22460,54.42741119861603
185028,78,201.94038150999998,3360,125,35.42,0.0003,0.11477767117321491,-97.9863452911377,-0.10888892784714699,22504,39.46655511856079
185346,81,199.95731311,3370,125,35.36,0.0003,0.11518478579819202,-97.3912410736084,0.4029196724295616,22544,26.6872695684433
185681,83,197.77538619999999,3380,125,35.18,0.0003,0.11544499732553959,-100.40573310852051,0.0720689706504345,22584,17.905832171440125
186033,86,197.71910386999997,3390,125,35.15,0.0003,0.11598899215459824,-102.74927139282227,0.07216113433241844,22628,38.26434063911438
186376,89,195.54669507999998,3400,125,35.08,0.0003,0.11564222164452076,-100.30509567260742,0.032604290172457695,22672,17.422863960266113
186725,91,195.57821677000004,3410,125,35.04,0.0003,0.11601217091083527,-100.42896842956543,0.510372206568718,22716,32.02791094779968
187077,94,195.73768964999996,3420,125,35.03,0.0003,0.11634453944861889,-101.14964485168457,0.2272137738764286,22760,48.83387780189514
187412,97,198.21179435,3430,125,33.6,0.0003,0.11653132550418377,-100.78929138183594,0.2725793272256851,22800,49.01273226737976
187762,100,198.38733713000002,3440,125,33.64,0.0003,0.11693114601075649,-101.3498306274414,0.14513795636594296,22844,57.37425899505615
188110,102,202.67918355,3450,125,34.08,0.0003,0.11671417206525803,-97.23266220092773,-0.03203299455344677,22888,11.29815936088562
188438,105,202.54800334000004,3460,125,34.1,0.0003,0.11679662764072418,-98.40763473510742,0.819145917892456,22928,34.206926345825195
188803,108,206.57011026000004,3470,125,34.57,0.0003,0.1171453632414341,-102.39873313903809,0.570513129234314,22976,20.60184407234192
189168,111,208.79934663,3480,125,34.87,0.0003,0.11786224879324436,-101.76297950744629,0.0950961634516716,23020,81.54644966125488
189533,114,208.79643776999998,3490,125,35.0,0.0003,0.11852613463997841,-105.45198249816895,-0.025802571326494217,23064,66.64642119407654
189902,116,210.90328077,3500,126,35.26,0.0003,0.11754290387034416,-97.4518928527832,0.22084002941846848,23112,31.487740516662598
190250,119,208.82491429,3510,126,35.25,0.0003,0.11806993186473846,-100.27825546264648,0.11869143787771463,23156,41.6546630859375
190602,122,208.84444152,3520,126,35.25,0.0003,0.11869450844824314,-104.2167797088623,0.17850230913609266,23200,23.55365824699402
190956,125,208.82761906,3530,125,35.44,0.0003,0.11939004994928837,-101.91998481750488,-0.1936918944120407,23244,14.095583200454712
191289,127,206.65334844,3540,125,35.27,0.0003,0.11967611499130726,-102.46474838256836,-0.32112986221909523,23284,65.39179718494415
191621,130,206.68647178999998,3550,126,35.11,0.0003,0.12023622170090675,-99.24922370910645,-0.2556073050945997,23328,73.63379549980164
191978,133,208.87044627000003,3560,126,35.4,0.0003,0.11986071988940239,-101.3587875366211,-0.16015388630330563,23372,35.08839988708496
192321,136,206.73104685,3570,125,35.18,0.0003,0.11888291873037815,-99.03640365600586,-0.26454806979745626,23416,79.8774163722992
192676,139,206.74805062,3580,125,35.08,0.0003,0.11878259293735027,-104.44784927368164,0.2902074381709099,23460,73.71710407733917
193029,141,206.62662922999996,3590,125,34.96,0.0003,0.11933127418160439,-99.53737258911133,0.2060571238398552,23504,12.468574523925781
193360,144,204.54999508,3600,125,34.58,0.0003,0.11966480128467083,-101.05200576782227,-0.04517349787056446,23544,12.763305187225342
193730,147,206.73667509000003,3610,125,34.8,0.0003,0.12034447863698006,-103.45839309692383,0.1652953326702118,23592,107.5171844959259
194073,150,206.67403823,3620,125,34.71,0.0003,0.11984756402671337,-103.08565139770508,-0.1291530504822731,23632,26.67769992351532
194422,153,206.55280743,3630,125,34.66,0.0003,0.12004231661558151,-100.28332138061523,-0.15671968087553978,23676,72.8386881351471
194783,156,208.58905846999997,3640,125,34.94,0.0003,0.1206760574132204,-101.37247467041016,0.48021072149276733,23720,41.11443555355072
195119,158,206.37196446000002,3650,125,34.98,0.0003,0.1208803653717041,-103.7278003692627,-0.056364212185144424,23764,53.88734173774719
195467,161,206.40261834999998,3660,125,34.89,0.0003,0.12045786157250404,-105.56546020507812,0.07032336294651031,23808,18.598369121551514
195771,164,204.34530961000002,3670,125,34.5,0.0003,0.12058888003230095,-106.84562683105469,0.457915298640728,23844,30.69408905506134
196109,166,204.21920427999999,3680,125,34.33,0.0003,0.12209543958306313,-105.33753395080566,-0.5102078355848789,23888,54.45005178451538
196438,169,202.30496999000002,3690,125,34.09,0.0003,0.12168656289577484,-102.72092819213867,0.1712338887155056,23928,56.20455586910248
196760,172,202.38588052,3700,125,34.0,0.0003,0.12185629829764366,-103.08250999450684,-0.4978191517293453,23968,48.83568096160889
197090,175,200.18798919000005,3710,125,33.6,0.0003,0.121732696890831,-106.86955833435059,0.22603402379900217,24012,34.13281059265137
197439,177,198.00737356,3720,125,33.66,0.0003,0.12221258133649826,-102.95759010314941,0.35030076652765274,24052,105.18605530261993
197764,180,195.83763805999996,3730,125,33.42,0.0003,0.12251989357173443,-105.65114212036133,0.07332994416356087,24096,100.90086054801941
198089,182,193.72227831999996,3740,125,33.06,0.0003,0.1233785655349493,-103.0869255065918,-0.367456316947937,24136,72.02400541305542
198414,185,191.54816511,3750,125,32.95,0.0003,0.12370203994214535,-103.15019226074219,-0.03577813692390919,24176,29.07969856262207
198751,188,189.38333124999997,3760,125,32.84,0.0003,0.12510893866419792,-103.70149612426758,-0.03068188950419426,24216,63.357905864715576
199111,191,193.61917553,3770,125,33.4,0.0003,0.12527138739824295,-105.98612976074219,0.5432668551802635,24264,39.331905484199524
199475,193,193.67468867,3780,125,33.66,0.0003,0.1259470023214817,-103.71370697021484,-0.09452819917351007,24308,55.70513391494751
199827,196,195.80944080999998,3790,125,33.89,0.0003,0.12625513598322868,-110.31529426574707,-0.0713505893945694,24352,10.655059814453125
200175,199,197.95953430999998,3800,125,34.15,0.0003,0.12598859891295433,-108.12650489807129,-0.05672108754515648,24396,28.123350381851196
200553,3,197.70491314,3810,113,34.46,0.0003,0.125771414488554,-107.99147987365723,0.0025846133939921856,24444,50.474079608917236
200893,5,197.68557483,3820,120,34.37,0.0003,0.1256866231560707,-106.60936164855957,0.17045953311026096,24484,100.90077424049377
201202,8,195.58078627000003,3830,119,34.21,0.0003,0.12627176195383072,-110.42709922790527,0.25893136113882065,24524,13.014423370361328
201561,11,197.70634821,3840,121,34.55,0.0003,0.12675758823752403,-109.82110214233398,0.10248947702348232,24568,122.57284212112427
201868,13,197.72248267999998,3850,121,34.37,0.0003,0.12655360624194145,-109.63687515258789,0.39127348363399506,24608,40.64926862716675
202240,16,199.71497295999998,3860,122,34.72,0.0003,0.12771724164485931,-105.45369720458984,0.21319477260112762,24652,82.28520095348358
202615,19,199.63314898999997,3870,123,34.87,0.0003,0.1275656335055828,-108.08656311035156,0.18559992779046297,24700,61.07713079452515
202993,22,199.44674744999998,3880,122,35.01,0.0003,0.12798094749450684,-112.08182334899902,-0.13390361331403255,24748,43.26844501495361
203352,25,199.28958570000003,3890,122,35.08,0.0003,0.12778958678245544,-111.87014198303223,0.05509848706424236,24792,8.991379499435425
203701,28,199.24191916,3900,122,35.09,0.0003,0.1275673694908619,-109.98283386230469,-0.043855372816324234,24836,29.102564573287964
204031,31,199.53729686,3910,123,34.78,0.0003,0.12712181732058525,-110.42304611206055,-0.215098537504673,24876,33.54462695121765
204404,34,201.60992584000007,3920,123,35.11,0.0003,0.12678839266300201,-108.3617172241211,-0.19742084946483374,24924,8.069072008132935
204756,37,205.91658310000003,3930,123,35.54,0.0003,0.1274862252175808,-111.23541450500488,0.058789512142539024,24968,12.774680256843567
205110,39,205.93370349,3940,123,35.49,0.0003,0.12761153280735016,-110.79735946655273,0.10828638076782227,25012,20.129956007003784
205451,42,207.96158340000002,3950,123,35.83,0.0003,0.12772618234157562,-110.37151908874512,-0.3423642870038748,25056,46.552799701690674
205805,45,208.19570601000004,3960,124,35.65,0.0003,0.1274028718471527,-113.75972938537598,-0.24063581228256226,25100,117.73852920532227
206154,47,206.15982122999998,3970,124,35.39,0.0003,0.12667150795459747,-112.13508415222168,-0.42531000077724457,25144,16.313127279281616
206514,50,206.33209194,3980,124,35.21,0.0003,0.1259332336485386,-115.38457489013672,-0.4918615072965622,25188,109.43266642093658
206880,53,206.37868235000002,3990,124,35.28,0.0003,0.1262018121778965,-115.02179145812988,0.13174543529748917,25232,10.838965892791748
207242,56,206.29406060000002,4000,124,35.41,0.0003,0.1274075210094452,-109.24334907531738,-0.2403673715889454,25280,94.55457592010498
207549,59,201.98909604999997,4010,124,35.18,0.0003,0.12740657851099968,-113.65768241882324,0.12931524217128754,25316,99.36351764202118
207900,61,202.17017821,4020,124,34.96,0.0003,0.12769760936498642,-111.69118309020996,0.32820212841033936,25360,41.00130891799927
208260,64,202.20534796,4030,124,35.04,0.0003,0.1291501745581627,-112.97591781616211,-0.40623321756720543,25408,37.28713655471802
208595,67,199.97711828000004,4040,124,34.85,0.0003,0.12883749976754189,-112.33516883850098,-0.06053783558309078,25448,34.1456435918808
208931,70,200.10921554,4050,124,34.8,0.0003,0.12861282378435135,-114.23634338378906,0.00906449742615223,25492,70.79185366630554
209280,72,199.98699956000002,4060,124,34.75,0.0003,0.12802943587303162,-116.84622383117676,0.003083121031522751,25532,41.0898540019989
209616,75,199.93529228000003,4070,124,34.62,0.0003,0.12724332138895988,-114.64731979370117,0.08461194531992078,25576,131.42796730995178
209940,78,197.91869775000004,4080,124,34.26,0.0003,0.12673146277666092,-116.65061950683594,-0.11284234374761581,25616,69.91697001457214
210286,80,195.69458090999996,4090,124,34.06,0.0003,0.12624502554535866,-114.70190048217773,0.0664001926779747,25660,21.54833424091339
210611,83,191.43717759999998,4100,124,33.69,0.0003,0.1271694153547287,-117.08100891113281,0.5629526972770691,25700,109.29428100585938
210900,85,191.36883745000003,4110,125,33.51,0.0003,0.12743867561221123,-112.70798873901367,-0.013381365686655045,25736,136.3283622264862
211249,88,191.29403091999995,4120,124,33.49,0.0003,0.1279335506260395,-116.32275009155273,0.07740544714033604,25780,101.9897689819336
211610,91,191.26877951000003,4130,124,33.5,0.0003,0.12956751883029938,-114.94497108459473,0.08616556227207184,25824,36.0823312997818
211963,94,191.30423369000005,4140,124,33.68,0.0003,0.13023259863257408,-118.81511306762695,0.20329248160123825,25868,11.015272855758667
212322,97,193.36635158999997,4150,124,33.91,0.0003,0.1297423355281353,-118.75423431396484,-0.35791416466236115,25916,13.20492696762085
212687,100,193.44466107999997,4160,124,34.07,0.0003,0.12994137033820152,-115.83903121948242,-0.1892753355205059,25960,51.76014018058777
212993,103,191.37390292999996,4170,124,33.77,0.0003,0.13093848526477814,-116.51814651489258,0.07461423706263304,26000,34.29618442058563
213357,106,193.27573071000003,4180,124,34.17,0.0003,0.1306781843304634,-119.88203620910645,-0.11650015506893396,26044,47.3373202085495
213729,109,195.34595756000002,4190,124,34.43,0.0003,0.12992951273918152,-120.11220741271973,0.029274613596498966,26092,78.73282027244568
214106,112,199.65977762999998,4200,124,34.95,0.0003,0.13060972839593887,-117.21560287475586,-0.20528795383870602,26136,60.96040105819702
214455,114,201.63747757000002,4210,124,35.55,0.0003,0.12992636114358902,-117.82483673095703,-0.17705750279128551,26180,12.633095741271973
214810,117,201.58545215000007,4220,124,35.61,0.0003,0.12917950004339218,-116.83872032165527,0.046080028638243675,26224,75.55220413208008
215192,120,201.47982855,4230,124,35.82,0.0003,0.12924226000905037,-121.28614616394043,-0.08726366981863976,26272,20.481324195861816
215501,123,199.43653562000003,4240,124,35.38,0.0003,0.12905168160796165,-119.20163345336914,-0.02175673097372055,26312,30.650550484657288
215866,126,199.37857132000002,4250,124,35.44,0.0003,0.12943055480718613,-121.13984870910645,-0.47037722170352936,26356,114.86810874938965
216235,129,199.31543969999998,4260,124,35.48,0.0003,0.1282603181898594,-120.79378700256348,-0.18580050021409988,26404,20.94915521144867
216590,131,201.5368894,4270,124,35.97,0.0003,0.1272345781326294,-119.00605392456055,0.17964574880898,26448,13.656546950340271
216951,134,201.71773002,4280,124,35.94,0.0003,0.12729529663920403,-118.87309455871582,0.026084505021572113,26492,13.395368337631226
217287,137,199.80537764000005,4290,124,35.58,0.0003,0.12769809365272522,-122.09477615356445,0.19298044219613075,26536,82.27614521980286
217658,140,199.71729623000002,4300,124,35.52,0.0003,0.12751908600330353,-124.19047737121582,-0.1540412325412035,26580,7.520254611968994
218010,143,204.09176719000004,4310,124,35.55,0.0003,0.1274404525756836,-126.39684677124023,0.33535880967974663,26624,140.33101773262024
218367,146,204.12169195,4320,123,35.57,0.0003,0.12791066616773605,-122.3409194946289,-0.30480683594942093,26668,30.29898190498352
218738,150,204.17409124000002,4330,123,35.46,0.0003,0.12623626366257668,-123.24150085449219,-0.28901883587241173,26716,19.582375288009644
219102,152,208.34872571999998,4340,123,36.01,0.0003,0.12522629648447037,-126.89432525634766,-0.48600417375564575,26760,66.49036979675293
219466,155,208.42461178000002,4350,123,36.0,0.0003,0.12414094433188438,-123.10254859924316,0.21899930387735367,26808,40.92925322055817
219828,158,208.41998199999998,4360,123,35.93,0.0003,0.12441611662507057,-117.07657623291016,-0.23994658142328262,26852,76.94915199279785
220181,161,208.22004269999996,4370,123,35.91,0.0003,0.12383752316236496,-127.55273056030273,-0.26615261286497116,26896,35.72594344615936
220546,164,208.15561010000002,4380,123,35.95,0.0003,0.12345505692064762,-120.9871768951416,-0.13419491983950138,26944,29.519105195999146
220913,167,210.28078944,4390,123,36.26,0.0003,0.12302295677363873,-122.62580490112305,0.12114563398063183,26988,67.72043526172638
221246,170,208.18960675,4400,123,35.88,0.0003,0.12301683239638805,-124.84744071960449,0.1809981521219015,27028,8.205580472946167
221585,172,208.34144882999996,4410,123,35.75,0.0003,0.12379906885325909,-126.1302318572998,-0.1978177074342966,27072,44.53854179382324
221951,175,208.35278565000002,4420,123,35.84,0.0003,0.12299127504229546,-122.19241905212402,-0.15663855150341988,27116,72.08415234088898
222276,178,203.92703407000002,4430,123,35.38,0.0003,0.12289505079388618,-125.6500473022461,0.08653263375163078,27160,100.2138204574585
222630,181,203.90265692,4440,123,35.28,0.0003,0.12335324473679066,-121.97603607177734,0.1851729415357113,27204,60.62611186504364
222960,184,201.82201508999998,4450,123,34.94,0.0003,0.12335199862718582,-124.87999534606934,-0.42237066105008125,27244,73.87505495548248
223292,186,197.54946662999998,4460,123,34.64,0.0003,0.12238040193915367,-124.37154769897461,-0.1283891350030899,27284,11.530203938484192
223659,189,199.68997473000002,4470,123,34.78,0.0003,0.12154155038297176,-126.67841720581055,-0.3120982348918915,27332,11.012230038642883
223997,192,197.54571990999997,4480,123,34.51,0.0003,0.12114658392965794,-124.81517028808594,0.10314836353063583,27372,8.854631900787354
224347,195,195.18370519999996,4490,123,34.34,0.0003,0.12170241959393024,-126.81701278686523,-0.14496728219091892,27416,31.159615874290466
224713,197,197.3210189,4500,123,34.67,0.0003,0.12190254218876362,-127.91565322875977,0.02892176527529955,27464,60.62170910835266
225063,200,197.28305682,4510,123,34.78,0.0003,0.12226615659892559,-125.7730655670166,-0.12070267833769321,27508,44.79164230823517
225467,2,197.28172123000004,4520,109,34.81,0.0003,0.12242706678807735,-127.08903884887695,-0.083820765838027,27556,88.2259989976883
225833,5,201.72171498,4530,118,35.22,0.0003,0.12217194214463234,-128.18514251708984,-0.07991321384906769,27604,65.43955886363983
226184,7,201.82160766000004,4540,121,35.19,0.0003,0.12232287414371967,-127.99712753295898,-0.13364930264651775,27648,8.387771368026733
226524,10,201.80287114000004,4550,121,35.29,0.0003,0.12210385501384735,-128.1966495513916,-0.2344427052885294,27688,7.851943373680115
226881,13,206.04980397,4560,121,35.54,0.0003,0.12162942066788673,-130.34906768798828,0.1810908131301403,27736,41.32007360458374
227249,16,206.11897710000005,4570,122,35.55,0.0003,0.12140880897641182,-127.02200317382812,0.13958501443266869,27780,81.40613865852356
227621,19,208.23155168999997,4580,122,35.89,0.0003,0.12052268907427788,-127.07493019104004,0.012078064493834972,27828,58.50535321235657
227990,22,210.5272763,4590,123,36.08,0.0003,0.12001356482505798,-133.00522994995117,0.09093934949487448,27872,9.667489886283875
228357,25,210.49696270000004,4600,123,36.09,0.0003,0.11920861713588238,-131.67815399169922,-0.3946954980492592,27920,8.607938170433044
228726,28,210.34560499000003,4610,123,36.28,0.0003,0.11828257702291012,-130.03929710388184,-0.2727663069963455,27964,55.68775475025177
229065,31,208.18158701000002,4620,124,35.98,0.0003,0.1174256969243288,-126.7041130065918,-0.15031132474541664,28008,40.56605267524719
229436,33,208.15283183,4630,124,36.03,0.0003,0.11647397838532925,-131.78811073303223,-0.3673073798418045,28052,9.918082594871521
229801,36,208.07947857,4640,124,36.17,0.0003,0.1169631127268076,-131.46236419677734,0.2803161256015301,28100,10.170894384384155
230158,39,208.16666674999996,4650,124,36.34,0.0003,0.11742722056806087,-131.7098274230957,0.038180965930223465,28144,41.13632655143738
230499,42,206.00097515999997,4660,124,36.18,0.0003,0.11783456243574619,-129.5033016204834,-0.2355580497533083,28188,110.71008014678955
230870,45,206.00735479000002,4670,124,36.21,0.0003,0.118010638281703,-132.6822853088379,-0.18054763972759247,28232,74.54498958587646
231218,48,203.94623545999994,4680,124,35.97,0.0003,0.11756745912134647,-132.65744400024414,-0.25599802285432816,28276,23.42672288417816
231550,50,199.80265415000002,4690,125,35.6,0.0003,0.11744459345936775,-136.35303115844727,-0.2524168249219656,28316,115.38149785995483
231921,53,199.83474015,4700,125,35.64,0.0003,0.11788751929998398,-132.4502182006836,0.10954039683565497,28364,10.667922496795654
232296,56,199.93133424000004,4710,125,35.7,0.0003,0.11858341284096241,-132.0832061767578,-0.029309339821338654,28412,37.19439208507538
232604,58,197.85604917,4720,125,35.39,0.0003,0.11860882490873337,-132.00410079956055,-0.33129189535975456,28448,72.25877678394318
232970,61,197.90986062999997,4730,125,35.34,0.0003,0.11908200569450855,-135.20531845092773,0.2675805613398552,28496,28.334403157234192
233335,64,197.89351630000004,4740,125,35.34,0.0003,0.11955080181360245,-135.61532974243164,0.024881424382328987,28540,13.761805891990662
233696,67,199.95517476000003,4750,125,35.38,0.0003,0.11938861012458801,-133.57968139648438,0.1608436070382595,28584,66.39101362228394
234064,70,202.0654014,4760,125,35.65,0.0003,0.11893864721059799,-134.40026473999023,-0.04558853805065155,28632,34.663453698158264
234399,72,199.9978696,4770,125,35.29,0.0003,0.11823409050703049,-135.27109909057617,0.280459389090538,28672,45.43999147415161
234751,75,202.15292509,4780,125,35.33,0.0003,0.11758548952639103,-135.0080451965332,-0.01911148428916931,28716,42.43785202503204
235110,78,206.37286650000004,4790,125,35.6,0.0003,0.11667104810476303,-135.12837600708008,-0.3960937336087227,28764,50.145768880844116
235475,81,206.45973823,4800,125,35.54,0.0003,0.11586080491542816,-132.9499053955078,0.02340398170053959,28808,120.86168932914734
235785,84,202.16205234,4810,125,34.89,0.0003,0.11646811664104462,-131.85207748413086,-0.332687396556139,28848,67.80406129360199
236128,87,204.21726966999998,4820,125,35.24,0.0003,0.11554293893277645,-135.20124053955078,0.44036008045077324,28888,67.11492431163788
236500,89,204.2435259,4830,125,35.3,0.0003,0.11673435010015965,-134.3460578918457,0.31111691147089005,28936,38.77719807624817
236828,92,202.28046544,4840,125,34.93,0.0003,0.11727087199687958,-134.56600952148438,-0.09585787355899811,28976,26.952848196029663
237186,95,200.00564629999997,4850,125,34.9,0.0003,0.11771617271006107,-135.50426483154297,0.07199941668659449,29024,96.77157545089722
237564,98,200.07700599,4860,125,35.0,0.0003,0.1176680214703083,-137.8835563659668,-0.008669351227581501,29068,35.76918351650238
237929,101,202.17309550999994,4870,125,35.3,0.0003,0.11783388629555702,-133.7235565185547,0.08282156102359295,29116,198.44622349739075
238293,104,202.09693869999998,4880,125,35.42,0.0003,0.11768614128232002,-135.01382446289062,-0.21282924711704254,29160,67.56233668327332
238671,107,201.90691759999999,4890,125,35.61,0.0003,0.1164417527616024,-137.16859817504883,0.1521146111190319,29208,54.21132302284241
239043,110,201.90019589999997,4900,125,35.68,0.0003,0.11591275408864021,-137.69073867797852,-0.14561225473880768,29256,62.46333312988281
239422,113,206.09175,4910,125,36.37,0.0003,0.11556364595890045,-135.98900985717773,-0.7803034335374832,29300,93.96500360965729
239791,116,208.28080366000003,4920,125,36.63,0.0003,0.11397341638803482,-141.32035446166992,-0.09319506958127022,29348,32.20012402534485
240159,119,208.32037934,4930,125,36.59,0.0003,0.1142762266099453,-135.30738067626953,0.14142285846173763,29392,58.445685625076294
240536,122,210.24916203,4940,125,37.08,0.0003,0.11438289657235146,-137.88966369628906,0.1264018416404724,29440,33.77222990989685
240904,125,212.34021245999998,4950,125,37.18,0.0003,0.1145841833204031,-137.5069923400879,-0.021385490894317627,29488,40.705965757369995
241274,128,212.39204134,4960,125,37.1,0.0003,0.11434279195964336,-138.93822479248047,-0.24466922134160995,29532,19.94334876537323
241651,131,212.2455637,4970,125,37.22,0.0003,0.11376133188605309,-137.50979232788086,0.17147721722722054,29580,53.90675461292267
242012,134,212.24477538,4980,125,37.19,0.0003,0.11372296698391438,-143.08250045776367,0.060984570533037186,29624,13.911116600036621
242373,136,210.32818527,4990,125,37.02,0.0003,0.11374489776790142,-140.67749786376953,-0.31383606418967247,29672,29.590692043304443
242746,139,210.26370756999998,5000,125,37.03,0.0003,0.11358782649040222,-141.73608779907227,-0.2501263916492462,29716,34.08281147480011
243111,142,210.36495357,5010,125,36.89,0.0003,0.11329459957778454,-144.23764038085938,0.005428209900856018,29764,8.252851605415344
243486,145,210.35619081000002,5020,125,36.95,0.0003,0.11345627345144749,-141.9726219177246,-0.1829177811741829,29808,7.125418424606323
243858,148,210.30510346,5030,125,36.99,0.0003,0.11237861216068268,-140.42616653442383,0.03873012773692608,29856,60.72856044769287
244218,151,210.40125712,5040,125,36.82,0.0003,0.11131829768419266,-139.68393325805664,-0.06841270998120308,29900,72.15158939361572
244594,154,210.50387175000006,5050,125,36.9,0.0003,0.1115492396056652,-140.58838272094727,-0.11319526191800833,29948,31.8163902759552
244959,157,210.48059786,5060,125,36.85,0.0003,0.11107292771339417,-141.51577377319336,-0.4500664696097374,29992,13.196444392204285
245334,160,210.60079133999997,5070,125,36.83,0.0003,0.11008273437619209,-144.20956420898438,0.2750839702785015,30040,27.53179132938385
245697,163,210.63832829000003,5080,125,36.85,0.0003,0.10944241099059582,-144.27189254760742,0.4411895554512739,30088,7.802362442016602
246056,166,212.8017631,5090,125,36.83,0.0003,0.1098280567675829,-142.13833236694336,0.014286745339632034,30132,35.92767524719238
246432,169,212.80026995999998,5100,125,36.86,0.0003,0.10976739227771759,-141.92084884643555,0.1911819577217102,30176,63.12452793121338
246797,172,212.85071211999994,5110,125,36.86,0.0003,0.10951996967196465,-140.7052001953125,-0.09743184223771095,30224,38.37177753448486
247171,175,212.77319007999998,5120,125,36.85,0.0003,0.1089987438172102,-145.58828735351562,-0.23215943574905396,30272,123.20176315307617
247539,178,212.63477842000003,5130,125,36.81,0.0003,0.10854659974575043,-141.54870986938477,-0.07805299758911133,30316,67.44527566432953
247910,181,212.48321679000003,5140,125,36.92,0.0003,0.10853107832372189,-144.9859390258789,0.04139988496899605,30364,9.339001417160034
248287,184,212.35421441999998,5150,125,36.93,0.0003,0.10797008313238621,-144.64120483398438,-0.030590426176786423,30408,53.03609371185303
248665,187,212.19739923000006,5160,125,37.06,0.0003,0.10693510621786118,-147.23921966552734,0.2500238064676523,30456,79.31448221206665
249020,190,212.27067796999995,5170,125,36.86,0.0003,0.1064147800207138,-143.21411514282227,0.2514222878962755,30500,9.375991702079773
249385,193,212.2036694,5180,125,36.88,0.0003,0.10639623552560806,-145.69462966918945,-0.20293931663036346,30548,6.016801595687866
249745,196,212.14166158,5190,125,36.89,0.0003,0.10632468201220036,-147.2959976196289,-0.00750521756708622,30592,61.06791114807129
250081,198,210.02415112,5200,125,36.49,0.0003,0.10655784979462624,-143.60013961791992,0.09138304926455021,30636,43.00225567817688
250458,1,210.13886054,5210,188,36.46,0.0003,0.10706047341227531,-144.81203079223633,-0.10126762464642525,30680,34.257698595523834
250825,2,210.26365731,5220,229,36.39,0.0003,0.10706132650375366,-145.20487213134766,-0.09696168079972267,30728,54.67737603187561
251195,5,210.4172726,5230,185,36.41,0.0003,0.10709057934582233,-143.0240592956543,-0.06447534821927547,30772,5.441357970237732
251552,7,208.24069638,5240,165,36.27,0.0003,0.10685035586357117,-146.45778274536133,-0.3041763864457607,30816,6.3612282276153564
251927,10,208.26262498000003,5250,155,36.25,0.0003,0.10659771598875523,-147.2286033630371,0.07262652926146984,30864,39.94700479507446
252291,13,208.42077233999996,5260,148,36.11,0.0003,0.10682446323335171,-143.36865997314453,0.261663218960166,30912,109.69278514385223
252652,16,208.42862362,5270,145,36.17,0.0003,0.10603414103388786,-144.37866973876953,-0.069164895452559,30956,56.80163550376892
253025,19,208.47080224,5280,141,36.25,0.0003,0.10540265031158924,-147.37054443359375,-0.30032242462038994,31004,38.31844222545624
253514,23,204.24292107999995,5290,138,37.54,0.0003,0.10476909391582012,-148.53771591186523,-0.053247335366904736,31064,9.049786686897278
253872,26,206.50181389999997,5300,136,37.76,0.0003,0.10392384231090546,-147.29137420654297,-0.40112749487161636,31108,80.6274961233139
254246,29,206.31227079,5310,135,37.88,0.0003,0.10344460792839527,-146.06293487548828,-0.03892862517386675,31156,43.87334442138672
254623,32,206.19850354999994,5320,133,37.98,0.0003,0.10316571965813637,-145.90380859375,0.17778478935360909,31200,35.18083143234253
254990,35,206.16090603,5330,133,37.95,0.0003,0.10363299399614334,-149.83573532104492,-0.19795285910367966,31248,53.4608678817749
255374,38,208.35106363000003,5340,133,38.22,0.0003,0.10325899161398411,-148.6846580505371,0.19381592236459255,31296,45.762964487075806
255742,41,208.58336398,5350,132,38.15,0.0003,0.10320034623146057,-149.54953384399414,0.16111205704510212,31340,36.710728883743286
256102,44,208.62387507000003,5360,132,38.11,0.0003,0.1029122956097126,-148.77016830444336,-0.135670593008399,31388,27.891334295272827
256452,47,208.70037985000002,5370,131,38.0,0.0003,0.10265116579830647,-150.66503143310547,-0.12846509274095297,31432,121.32423210144043
256827,50,208.6758092,5380,131,38.02,0.0003,0.10310860350728035,-146.81393814086914,0.15043826587498188,31476,73.03282117843628
257190,53,212.85633267,5390,131,36.76,0.0003,0.10356668941676617,-149.08245086669922,0.12276028841733932,31524,40.840060234069824
257554,55,212.76495518000004,5400,131,36.82,0.0003,0.10370446927845478,-148.65775680541992,-0.2516622319817543,31568,66.49499899148941
257921,58,212.80411430999996,5410,130,36.75,0.0003,0.10381781123578548,-149.1686019897461,0.3211331032216549,31616,39.80200898647308
258276,61,212.92168739999997,5420,130,36.53,0.0003,0.10420221835374832,-149.87820053100586,0.12461109086871147,31660,15.005943775177002
258634,64,212.94437774000002,5430,130,36.44,0.0003,0.10460802726447582,-150.04748916625977,-0.09689627587795258,31704,34.12678813934326
259001,67,213.08225036999997,5440,130,36.27,0.0003,0.10438197478652,-148.53336334228516,-0.06879224255681038,31748,63.297117710113525
259358,70,212.98475497999996,5450,129,36.16,0.0003,0.1039662528783083,-149.71386337280273,0.10728808306157589,31792,12.650953769683838
259705,73,210.6968098399999,5460,129,36.03,0.0003,0.10384060814976692,-152.71842193603516,0.37308231741189957,31836,85.69130897521973
260071,76,210.6482680899999,5470,129,36.19,0.0003,0.10293125733733177,-147.1969871520996,-0.059041494969278574,31884,80.60920310020447
260433,78,210.75328242999996,5480,129,36.06,0.0003,0.1024913564324379,-151.05199813842773,0.010544326156377792,31928,7.322744607925415
260763,81,208.71348554999997,5490,128,35.73,0.0003,0.10319764725863934,-147.61016464233398,-0.010790619999170303,31968,5.969272971153259
261121,84,208.81687612,5500,129,35.67,0.0003,0.10274597443640232,-149.73168563842773,0.4607757478952408,32016,68.44543814659119
261497,87,208.84947522000002,5510,128,35.76,0.0003,0.10355965979397297,-152.94281005859375,0.2985685504972935,32060,44.02699518203735
261859,90,208.78977898000005,5520,128,35.83,0.0003,0.1043158583343029,-151.0373992919922,-0.12500461004674435,32108,25.86378163099289
262221,93,208.90890763999997,5530,128,35.87,0.0003,0.10441154427826405,-149.54677963256836,0.05135592631995678,32152,98.03420042991638
262581,95,209.03670915999996,5540,128,35.8,0.0003,0.10428499057888985,-152.62049102783203,-0.08698224276304245,32196,35.0286808013916
262962,98,208.90368843,5550,128,36.04,0.0003,0.1039875540882349,-149.33606719970703,0.00888582319021225,32244,200.35983216762543
263330,101,211.12587652,5560,128,36.25,0.0003,0.10360345244407654,-149.55414581298828,-0.2834785133600235,32292,33.99103510379791
263712,104,210.97441349999997,5570,128,36.41,0.0003,0.1025366261601448,-152.25171279907227,-0.21605031937360764,32336,52.88304781913757
264090,107,210.90400086000005,5580,128,36.57,0.0003,0.10151302814483643,-151.18550491333008,-0.0556489285081625,32384,60.643776297569275
264460,110,213.06399070999996,5590,128,36.97,0.0003,0.10081520117819309,-153.59873962402344,-0.494400754570961,32432,40.15112096071243
264826,113,212.96880862999998,5600,128,37.05,0.0003,0.09986467845737934,-154.2880516052246,-0.2924219034612179,32476,29.616485238075256
265214,116,212.76767912000003,5610,128,37.17,0.0003,0.10007054731249809,-154.29662322998047,-0.15135780721902847,32524,62.55035138130188
265579,119,212.79438759,5620,127,37.2,0.0003,0.10034504905343056,-154.0063133239746,0.15194250643253326,32572,84.07995188236237
265946,122,212.74970763000002,5630,127,37.25,0.0003,0.10040494240820408,-152.34759521484375,-0.23849734105169773,32616,40.51104760169983
266330,125,212.57940874000005,5640,127,37.49,0.0003,0.10012318380177021,-150.50683212280273,-0.010820289608091116,32664,9.00795066356659
266695,128,210.67251253999999,5650,127,37.33,0.0003,0.10054929368197918,-154.40542221069336,0.15132791176438332,32712,58.66231608390808
267079,132,210.61944057999997,5660,127,37.49,0.0003,0.10078555531799793,-153.65363311767578,0.007192507386207581,32760,31.271534204483032
267439,135,210.78771937000002,5670,127,37.27,0.0003,0.1011239942163229,-154.57484817504883,-0.153006874024868,32804,34.633050203323364
267814,138,210.85765834000003,5680,127,37.24,0.0003,0.10191772691905499,-153.26943969726562,-0.48156602680683136,32852,39.98159110546112
268166,140,210.78882922,5690,127,37.06,0.0003,0.10114329680800438,-153.09786987304688,-0.20934327319264412,32896,92.37265366315842
268545,143,210.83333460999995,5700,127,37.19,0.0003,0.10080181248486042,-150.4330062866211,-0.536812074482441,32944,69.5455014705658
268931,146,210.91738773000006,5710,127,37.17,0.0003,0.10000836104154587,-151.41656875610352,0.040206657722592354,32992,81.67522430419922
269307,149,210.93654087000002,5720,127,37.28,0.0003,0.09947441518306732,-154.93204498291016,0.48988981544971466,33036,55.686197996139526
269693,152,210.80410194,5730,127,37.47,0.0003,0.10004369542002678,-152.67977905273438,-0.19352814182639122,33084,44.43690037727356
270066,155,210.88052216,5740,127,37.36,0.0003,0.0995283741503954,-154.72312545776367,-0.257793958298862,33132,54.45568895339966
270423,158,210.90324235000003,5750,127,37.28,0.0003,0.09888334013521671,-156.40444564819336,0.29969869181513786,33176,43.28003549575806
270802,161,210.89486399999998,5760,127,37.23,0.0003,0.09855117462575436,-155.3184700012207,0.021689269691705704,33224,39.325127601623535
271158,164,208.67745915,5770,126,37.19,0.0003,0.09816834516823292,-155.1104736328125,-0.1435365080833435,33268,154.0787740945816
271525,166,208.77837309000003,5780,127,37.11,0.0003,0.09750646911561489,-156.02106094360352,0.09737322619184852,33316,106.59793281555176
271901,168,208.84137485000002,5790,128,37.35,0.0003,0.0967574194073677,-154.7662124633789,0.1115620769560337,33360,79.07040816545486
272267,169,206.55382715,5800,130,37.22,0.0003,0.09606423787772655,-154.5198097229004,-0.20011336728930473,33408,85.87237679958344
272635,170,206.58996109999995,5810,131,37.04,0.0003,0.09548098780214787,-156.12829971313477,0.4546235725283623,33452,34.765740156173706
272989,172,204.34208941999998,5820,131,36.82,0.0003,0.09540081396698952,-156.72356796264648,-0.3874051198363304,33496,7.552709698677063
273361,173,204.32790334999993,5830,133,36.68,0.0003,0.09486254118382931,-152.48221588134766,0.013326755724847317,33544,93.44365191459656
273741,175,204.29457015,5840,134,36.75,0.0003,0.09465600363910198,-155.8676300048828,-0.3154645003378391,33592,33.01347017288208
274091,176,206.40595669,5850,135,36.68,0.0003,0.09388373047113419,-153.75626373291016,-0.19215800613164902,33636,65.11235964298248
274449,177,206.47425261,5860,136,36.47,0.0003,0.09352410770952702,-156.95074462890625,-0.26500079594552517,33680,59.87565302848816
274824,179,208.57317415999995,5870,137,36.66,0.0003,0.09330992586910725,-155.0563201904297,0.17287072725594044,33728,90.99741458892822
275189,180,208.45697125000004,5880,138,36.64,0.0003,0.09383067116141319,-156.57841873168945,-0.048679166473448277,33772,4.203718602657318
275562,0,208.37963820000002,5890,300,36.56,0.0003,0.09417572617530823,-158.31573867797852,-0.09845249354839325,33820,64.33635944128036
275942,2,210.61908884999997,5900,294,36.7,0.0003,0.09389044344425201,-157.22059631347656,-0.1042578537017107,33868,89.95889735221863
276291,3,210.79970483999998,5910,288,36.51,0.0003,0.0937975812703371,-160.36895751953125,-0.11440128274261951,33912,10.488500833511353
276664,4,212.99478453999996,5920,284,36.7,0.0003,0.09348655492067337,-158.13972854614258,-0.1684042252600193,33956,11.670540690422058
277024,6,213.17551494999995,5930,285,36.58,0.0003,0.0935435350984335,-158.31668853759766,-0.1955933030694723,34000,64.85912907123566
277402,7,213.08063179999994,5940,287,36.56,0.0003,0.09363788180053234,-160.18684768676758,0.0629338901489973,34048,12.055610954761505
277793,8,212.96441102,5950,287,36.97,0.0003,0.09318353049457073,-158.76345825195312,0.0012727901339530945,34100,38.13802874088287
278164,10,212.99177196999997,5960,287,37.1,0.0003,0.0931219682097435,-157.92671966552734,-0.07263915985822678,34144,120.04799222946167
278547,11,212.93670291,5970,289,37.18,0.0003,0.09307388216257095,-158.11121368408203,0.010291529819369316,34192,6.652849555015564
278905,12,212.9553631,5980,288,37.11,0.0003,0.09278214909136295,-158.8419418334961,-0.24606874957680702,34236,77.11538928747177
279283,13,212.88166830000003,5990,288,37.21,0.0003,0.09278203919529915,-157.813720703125,0.07684680819511414,34284,33.12001967430115
279668,15,212.72513009,6000,289,37.26,0.0003,0.0930364616215229,-160.8445587158203,-0.01639779657125473,34332,56.577597975730896
280038,16,212.61269015000002,6010,288,37.47,0.0003,0.09350377321243286,-158.64664459228516,-0.004209425300359726,34380,34.18427002429962
280415,17,212.69127570999999,6020,289,37.51,0.0003,0.09390424005687237,-160.2606964111328,0.3998955897986889,34424,45.42806112766266
280783,19,212.61700500999999,6030,288,37.59,0.0003,0.09434417635202408,-160.37385940551758,0.31767644733190536,34472,43.68902516365051
281166,20,212.68689784000003,6040,288,37.64,0.0003,0.09500754438340664,-160.9168243408203,-0.319460928440094,34520,30.40971350669861
281546,21,212.64461527000003,6050,288,37.53,0.0003,0.09469746239483356,-159.6802101135254,-0.1293692891485989,34568,7.492507994174957
281930,23,212.62572182000002,6060,288,37.66,0.0003,0.09505265578627586,-162.24957275390625,0.01113063283264637,34616,6.4340291023254395
282291,24,212.73948463999997,6070,288,37.44,0.0003,0.0949427355080843,-160.5234718322754,0.15135423094034195,34660,33.80049216747284
282663,25,212.72272108,6080,288,37.58,0.0003,0.09485496953129768,-163.87032318115234,0.15383883751928806,34708,4.892355144023895
283029,26,212.86201784000002,6090,289,37.46,0.0003,0.09517687559127808,-159.09204483032227,0.0321559039875865,34752,28.764585971832275
283400,28,213.0107102,6100,288,37.32,0.0003,0.09520265646278858,-161.47443389892578,-0.047000390477478504,34800,27.0605251789093
283749,29,213.15586046,6110,289,37.11,0.0003,0.09507548995316029,-161.31346130371094,-0.31224939972162247,34844,3.8606178760528564
284105,30,213.16845652,6120,288,36.9,0.0003,0.09507446736097336,-162.40109252929688,-0.03794851526618004,34888,6.6821706891059875
284442,31,211.06815834,6130,289,36.59,0.0003,0.09522868134081364,-160.48395919799805,0.2601931467652321,34928,33.6393837928772
284805,33,211.09749181000004,6140,288,36.39,0.0003,0.0960472971200943,-161.01445388793945,0.2632799558341503,34976,35.00205326080322
285176,34,211.23847848000003,6150,289,36.3,0.0003,0.0957780797034502,-158.98898315429688,-0.30055725015699863,35020,44.56725364923477
285547,35,211.21329721,6160,289,36.17,0.0003,0.09471306391060352,-159.34709930419922,0.1433141864836216,35068,52.996779799461365
285933,36,211.04775453000002,6170,289,36.42,0.0003,0.09544659592211246,-161.93572998046875,-0.4130156971514225,35116,60.23796755075455
286292,38,208.78290605,6180,289,36.29,0.0003,0.09541160985827446,-160.51129150390625,2.1051615476608276e-05,35160,52.407206296920776
286637,39,206.53942793000002,6190,289,36.08,0.0003,0.09564617648720741,-160.65216827392578,-0.08571537584066391,35204,84.87087333202362
286993,40,206.60783570000004,6200,288,35.93,0.0003,0.09626161493360996,-159.49330139160156,0.32937128469347954,35248,88.03630304336548
287357,41,206.4768944,6210,289,36.08,0.0003,0.09637163765728474,-161.37812423706055,0.06410657428205013,35292,55.89398407936096
287734,43,206.44088779,6220,289,36.29,0.0003,0.09633427113294601,-163.63786697387695,-0.1996406838297844,35340,58.2154004573822
288086,44,208.51997114000002,6230,289,36.44,0.0003,0.09655872918665409,-162.2506561279297,-0.2516869455575943,35384,28.799009382724762
288476,45,208.42847992999995,6240,289,36.71,0.0003,0.0962061807513237,-162.0406837463379,0.4328816160559654,35432,74.4137316942215
288834,46,208.49491944,6250,289,36.58,0.0003,0.09604142047464848,-161.49555587768555,-0.2850000485777855,35480,16.640057802200317
289199,48,208.53445760000002,6260,289,36.52,0.0003,0.0956231914460659,-162.0223045349121,-0.37095020338892937,35524,4.301677107810974
289568,49,208.68691358,6270,289,36.35,0.0003,0.09529497288167477,-162.41100692749023,-0.18219582550227642,35568,4.521644115447998
289935,50,210.96404593,6280,289,36.43,0.0003,0.0946485847234726,-162.19690704345703,-0.1751418076455593,35616,69.69270324707031
290307,51,213.1195987,6290,289,36.7,0.0003,0.09475590847432613,-163.19745635986328,-0.29700569808483124,35664,66.176340341568
290674,53,213.04056631000003,6300,289,36.81,0.0003,0.09495829418301582,-162.21575927734375,0.08480357192456722,35708,161.3181734085083
291021,54,210.95232781,6310,289,36.64,0.0003,0.09534231759607792,-163.6550636291504,0.1520571317523718,35752,84.06187617778778
291390,55,210.96695368000005,6320,289,36.56,0.0003,0.09541614167392254,-162.41296768188477,-0.3455362021923065,35796,103.26131224632263
291756,56,210.94642899000002,6330,289,36.7,0.0003,0.09499515779316425,-164.81537246704102,0.2556236498057842,35844,5.191869616508484
292260,58,208.87052898,6340,289,37.84,0.0003,0.09526638872921467,-163.86283493041992,0.20824473164975643,35908,77.41566205024719
292641,60,208.63120816999998,6350,288,38.07,0.0003,0.09558628685772419,-164.72040939331055,0.3423268049955368,35956,39.946787893772125
293011,61,208.59036367999997,6360,288,38.12,0.0003,0.09581025689840317,-163.74864196777344,0.25950734317302704,36000,68.29924297332764
293386,62,208.57488675000005,6370,287,38.18,0.0003,0.09602226503193378,-165.30364990234375,0.38971856236457825,36048,33.730082631111145
293746,64,208.63333131999997,6380,287,38.11,0.0003,0.09634416177868843,-164.9142723083496,-0.15628674626350403,36092,5.598054826259613
294098,65,206.54021393,6390,287,37.91,0.0003,0.09617730602622032,-165.77072143554688,-0.14700012048706412,36136,39.23282587528229
294465,66,206.52662052,6400,287,37.91,0.0003,0.09635473601520061,-164.8532257080078,-0.06106490269303322,36184,33.94315195083618
294848,68,208.48429154000002,6410,287,38.27,0.0003,0.09609086066484451,-163.93727111816406,-0.19347808882594109,36228,70.52220791578293
295225,69,208.38404627999998,6420,287,38.35,0.0003,0.09542612358927727,-164.9648895263672,-0.06328615546226501,36276,3.4755961894989014
295588,70,208.36868730000003,6430,287,38.32,0.0003,0.09645094908773899,-165.84207153320312,-0.474790595471859,36324,31.655800461769104
295956,72,210.49924994999998,6440,286,36.96,0.0003,0.09610348753631115,-165.24470138549805,-0.2289103101938963,36368,57.1938453912735
296329,73,210.65930562999998,6450,285,36.88,0.0003,0.09527444280683994,-164.69810104370117,0.3429991081357002,36416,31.175583839416504
296702,76,210.67341929999995,6460,280,36.91,0.0003,0.09494074061512947,-165.2959861755371,-0.035947167314589024,36460,82.65614640712738
297093,79,210.52968540999998,6470,274,37.07,0.0003,0.09450512565672398,-165.23848342895508,-0.3705194219946861,36512,29.692415297031403
297446,82,210.45384412999996,6480,269,37.0,0.0003,0.09402600862085819,-164.45643615722656,-0.03544133063405752,36556,2.798756182193756
297810,84,212.52707318,6490,265,37.12,0.0003,0.09383160434663296,-164.29889678955078,0.04825981892645359,36600,58.52068102359772
298176,87,212.5873575,6500,261,37.11,0.0003,0.09322228096425533,-165.04883575439453,0.23187019675970078,36644,61.07683712244034
298540,90,212.73248024,6510,257,36.92,0.0003,0.09244533255696297,-165.69110107421875,-0.3141328673809767,36692,71.72620785236359
298908,93,212.78861837000005,6520,254,36.83,0.0003,0.09215202182531357,-166.63071823120117,-0.5468505695462227,36736,4.887461423873901
299266,95,212.81265818999998,6530,250,36.78,0.0003,0.09123439528048038,-165.7763214111328,0.2071689236909151,36784,62.613720059394836
299645,98,212.73419574999997,6540,247,36.89,0.0003,0.0908510684967041,-164.45884704589844,0.03048090636730194,36828,6.1819053292274475
300009,101,212.66815382999997,6550,243,36.8,0.0003,0.09067551977932453,-166.21973037719727,0.052166106179356575,36876,51.748769760131836
