seed,target,method,query,index,mode,ego_collision,near_miss,background_collision,event,completed,min_ttc,min_clearance,response,label_response,selection_seconds,elapsed_seconds
20330925,vi_ttc,SourceMeanRaw-Static,1,35,fast_intrusion,True,False,True,True,False,0.40585166704819253,0.10007530916234472,1.218366977135474,1.0,0.00021070000002509914,0.29749500000025364
20330925,vi_ttc,SourceMeanRaw-Static,2,88,cutin_braking,True,False,True,True,False,0.4502094581577366,0.03489154701000627,1.215161971105128,1.0,0.00022119999994174577,0.2660681000002114
20330925,vi_ttc,SourceMeanRaw-Static,3,11,fast_intrusion,True,False,True,True,False,0.4314626312318877,0.0,1.2165107155738035,1.0,0.00020000000040454324,0.29797869999993054
20330925,vi_ttc,SourceMeanRaw-Static,4,264,slow_lead_following,True,False,True,True,False,0.43353765771744873,0.0,1.216361012196443,1.0,0.00021660000038536964,0.15255840000008902
20330925,vi_ttc,SourceMeanRaw-Static,5,258,slow_lead_following,True,False,True,True,False,0.3893385566772176,1.4210854715202004e-14,1.219572263929566,1.0,0.00020399999993969686,0.15931789999967805
20330925,vi_ttc,SourceMeanRaw-Static,6,272,slow_lead_following,True,False,True,True,False,0.501532583538834,0.0,1.211512350169087,1.0,0.00020949999998265412,0.12511199999971723
20330925,vi_ttc,SourceMeanRaw-Static,7,134,lead_braking,True,False,True,True,False,0.47510594378092136,0.0,1.213383767507232,1.0,0.00020780000022568856,0.14097839999976713
20330925,vi_ttc,SourceMeanRaw-Static,8,312,slow_lead_following,True,False,True,True,False,0.47475792094555663,0.0,1.213408523084385,1.0,0.00020129999984419555,0.1426074000000881
20330925,vi_ttc,SourceMeanRaw-Static,9,282,slow_lead_following,True,False,True,True,False,0.4335874512110078,1.4210854715202004e-14,1.2163574211026895,1.0,0.00020300000005590846,0.15294930000027307
20330925,vi_ttc,SourceMeanRaw-Static,10,224,stop_and_go,True,False,True,True,False,0.3686969132464832,1.4210854715202004e-14,1.221088250818664,1.0,0.00021860000015294645,0.2316038000003573
20330925,vi_ttc,SourceMeanRaw-Static,11,112,cutin_braking,True,False,True,True,False,0.4229850968772582,0.004645110368345307,1.2171234065273304,1.0,0.00011670000003505265,0.32258509999974194
20330925,vi_ttc,SourceMeanRaw-Static,12,298,slow_lead_following,True,False,True,True,False,0.4267039067639149,0.0,1.2168544263858359,1.0,0.00012110000034226687,0.16379000000006272
20330925,vi_ttc,SourceMeanRaw-Static,13,41,fast_intrusion,False,True,False,True,True,0.5930822838940096,0.7099886462251191,0.7051552117671084,0.5,0.0001208999997288629,1.0625773000001573
20330925,vi_ttc,SourceMeanRaw-Static,14,76,cutin_braking,False,True,False,True,True,0.6882401388238295,0.9820927890400845,0.6987499572130772,0.5,0.00012239999978191918,1.056649500000276
20330925,vi_ttc,SourceMeanRaw-Static,15,276,slow_lead_following,False,False,False,False,True,2.1457851353384934,2.000577338076141,0.12226602530247671,0.0,0.00012180000021544402,1.0428603000000294
20330925,vi_ttc,SourceMeanRaw-Static,16,186,lead_braking,True,False,True,True,False,0.46749850932061277,1.4210854715202004e-14,1.2139255551613222,1.0,0.00011940000013055396,0.20496379999985948
20330925,vi_ttc,SourceMeanRaw-Static,17,158,lead_braking,True,False,True,True,False,0.476500013582866,0.0,1.2132846332535252,1.0,0.00011909999966519536,0.3904247000000396
20330925,vi_ttc,SourceMeanRaw-Static,18,318,slow_lead_following,True,False,True,True,False,0.3690978995137514,0.0,1.2210587016760304,1.0,0.00011969999968641787,0.2078961999995954
20330925,vi_ttc,SourceMeanRaw-Static,19,296,slow_lead_following,True,False,True,True,False,2.3495469718939925,0.0,1.114237383397759,1.0,0.00011760000006688642,0.9877833999998984
20330925,vi_ttc,SourceMeanRaw-Static,20,104,cutin_braking,True,False,True,True,False,0.4978281148250432,0.0,1.2117736917857806,1.0,0.00011940000013055396,0.3021747000002506
20330925,vi_ttc,SourceMeanRaw-Static,21,242,stop_and_go,True,False,True,True,False,0.4731359149738914,0.0,1.2135239375816897,1.0,0.00011979999999311985,0.3532846999996764
20330925,vi_ttc,SourceMeanRaw-Static,22,200,stop_and_go,True,False,True,True,False,0.3074502275682898,2.842170943040401e-14,1.2256482810950633,1.0,0.00012130000004617614,0.4545078999999532
20330925,vi_ttc,SourceMeanRaw-Static,23,278,slow_lead_following,True,False,True,True,False,0.40839602084902876,1.4210854715202004e-14,1.218181854699982,1.0,0.00012460000016289996,0.2191305999999713
20330925,vi_ttc,SourceMeanRaw-Static,24,246,stop_and_go,True,False,True,True,False,0.5685872713345732,0.0,1.2068371621517846,1.0,0.00012070000002495362,0.30721059999996214
20330925,vi_ttc,SourceMeanRaw-Static,25,33,fast_intrusion,True,False,True,True,False,0.651891996594393,0.0,1.2011726683212138,1.0,0.00011970000014116522,0.23843600000009246
20330925,vi_ttc,SourceMeanRaw-Static,26,94,cutin_braking,True,False,True,True,False,0.5736558678017196,0.0032734763301880947,1.2064879991594415,1.0,0.0001208999997288629,0.2613188000000264
20330925,vi_ttc,SourceMeanRaw-Static,27,244,stop_and_go,True,False,True,True,False,0.41426702775710467,0.0,1.217755289838277,1.0,0.00011809999978140695,0.1989146000000801
20330925,vi_ttc,SourceMeanRaw-Static,28,9,fast_intrusion,True,False,True,True,False,0.5806918925026224,0.0,1.2060042817349532,1.0,0.0001173999999082298,0.2863409999999931
20330925,vi_ttc,SourceMeanRaw-Static,29,31,fast_intrusion,False,True,False,True,True,0.9938721491718612,1.5780524077817077,0.6794991013432705,0.5,0.00012620000006791088,1.0395416999999725
20330925,vi_ttc,SourceMeanRaw-Static,30,47,fast_intrusion,False,True,False,True,True,0.6753301130170601,0.8001231195918569,0.6996070891818709,0.5,0.00013010000020585721,1.05938660000038
20330925,vi_ttc,SourceMeanRaw-Static,31,182,lead_braking,True,False,True,True,False,0.6427893545248693,0.0,1.2017839962333619,1.0,0.00011900000026798807,0.4713163999999779
20330925,vi_ttc,SourceMeanRaw-Static,32,59,fast_intrusion,False,True,False,True,True,0.797860460850829,1.145905975300474,0.6916186944378403,0.5,0.0001237000001310662,1.041856099999677
20330925,vi_ttc,SourceMeanRaw-Static,33,100,cutin_braking,False,True,False,True,True,0.8069546843780936,1.2237336735905087,0.6910386995694152,0.5,0.00012149999975008541,1.0379836000001887
20330925,vi_ttc,SourceMeanRaw-Static,34,138,lead_braking,True,False,True,True,False,0.3908491504423216,1.4210854715202004e-14,1.2194617302628523,1.0,0.00012710000009974465,0.3985376999999062
20330925,vi_ttc,SourceMeanRaw-Static,35,146,lead_braking,True,False,True,True,False,0.4839293254156992,0.0,1.2127571007072278,1.0,0.00012269999979253043,0.4221539000000121
20330925,vi_ttc,SourceMeanRaw-Static,36,80,cutin_braking,False,True,False,True,True,0.747597553835281,0.6104573794812324,0.6948561771285163,0.5,0.00012289999995118706,1.0537491999998565
20330925,vi_ttc,SourceMeanRaw-Static,37,218,stop_and_go,True,False,True,True,False,0.48047676361234337,0.0,1.2130020940023676,1.0,0.00012100000003556488,0.43047310000019934
20330925,vi_ttc,SourceMeanRaw-Static,38,84,cutin_braking,False,True,False,True,True,0.5166294775405131,0.24718952525499166,0.7104506306772586,0.5,0.00012179999976069666,1.0267195999999785
20330925,vi_ttc,SourceMeanRaw-Static,39,178,lead_braking,True,False,True,True,False,0.4060577407057119,0.0,1.2183519777567562,1.0,0.00012070000002495362,0.42109160000018164
20330925,vi_ttc,SourceMeanRaw-Static,40,208,stop_and_go,True,False,True,True,False,0.31638012711719704,0.0,1.2249776076035603,1.0,0.00012000000015177648,0.4136588000001211
20330925,vi_ttc,SourceMeanRaw-Static,41,124,cutin_braking,False,True,False,True,True,0.975185751858397,1.0632833486368585,0.6806206545235362,0.5,0.00012109999988751952,1.0413784000002124
20330925,vi_ttc,SourceMeanRaw-Static,42,29,fast_intrusion,True,False,True,True,False,0.763443406925921,0.025674743329721715,1.1938296697104898,1.0,0.00012389999983497546,0.20624329999964175
20330925,vi_ttc,SourceMeanRaw-Static,43,212,stop_and_go,True,False,True,True,False,0.324756523521251,0.0,1.22435031654308,1.0,0.00011929999982385198,0.4829821000002994
20330925,vi_ttc,SourceMeanRaw-Static,44,270,slow_lead_following,True,False,True,True,False,0.4754787371064908,0.0,1.2133572531398922,1.0,0.00012070000002495362,0.5666896999996425
20330925,vi_ttc,SourceMeanRaw-Static,45,19,fast_intrusion,False,True,False,True,True,1.0474060188307446,1.5941521273711834,0.6763244172746541,0.5,0.00023260000034497352,1.0384820000003856
20330925,vi_ttc,SourceMeanRaw-Static,46,196,stop_and_go,True,False,True,True,False,0.4787202950450978,0.0,1.2131268410121283,1.0,0.00012519999972937512,0.4126262999998289
20330925,vi_ttc,SourceMeanRaw-Static,47,240,stop_and_go,True,False,True,True,False,0.3044853119126591,0.0,1.2258714007058018,1.0,0.00012149999975008541,0.5678472999998121
20330925,vi_ttc,SourceMeanRaw-Static,48,307,slow_lead_following,False,False,False,False,True,3.3194496340856445,1.4722323878268497,0.08267999765906445,0.0,0.00012340000012045493,1.037535200000093
20330925,vi_ttc,SourceMeanRaw-Static,49,256,slow_lead_following,False,False,False,False,True,3.3074224025014085,3.6339114569484394,0.08301213348636655,0.0,0.00012449999985619797,1.0308540000000903
20330925,vi_ttc,SourceMeanRaw-Static,50,55,fast_intrusion,False,True,False,True,True,1.311293733159125,1.7657568841359603,0.6614770466909414,0.5,0.00013620000027003698,1.0515642999998818
