step,target_sut,method_variant,status,residual_norm,iterations,simplex_violation,fallback
4,SUT-A,AdaTE-Mixture-H-staticK4,Optimization terminated successfully,0.0,1,0.0,False
1,SUT-A,AdaTE-Mixture-H-sequential,Optimization terminated successfully,0.0,1,0.0,False
2,SUT-A,AdaTE-Mixture-H-sequential,Optimization terminated successfully,0.0,1,0.0,False
3,SUT-A,AdaTE-Mixture-H-sequential,Optimization terminated successfully,0.0,1,0.0,False
4,SUT-A,AdaTE-Mixture-H-sequential,Optimization terminated successfully,0.0,1,0.0,False
5,SUT-A,AdaTE-Mixture-H-sequential,Optimization terminated successfully,0.0,1,0.0,False
6,SUT-A,AdaTE-Mixture-H-sequential,Optimization terminated successfully,0.0,1,0.0,False
7,SUT-A,AdaTE-Mixture-H-sequential,Optimization terminated successfully,0.0,1,0.0,False
8,SUT-A,AdaTE-Mixture-H-sequential,Optimization terminated successfully,0.0,1,0.0,False
9,SUT-A,AdaTE-Mixture-H-sequential,Optimization terminated successfully,0.0,1,0.0,False
10,SUT-A,AdaTE-Mixture-H-sequential,Optimization terminated successfully,0.0,1,0.0,False
11,SUT-A,AdaTE-Mixture-H-sequential,Optimization terminated successfully,0.0,1,0.0,False
12,SUT-A,AdaTE-Mixture-H-sequential,Optimization terminated successfully,7.4407580097357595e-09,3,0.0,False
13,SUT-A,AdaTE-Mixture-H-sequential,Optimization terminated successfully,1.052282089170455e-08,1,0.0,False
14,SUT-A,AdaTE-Mixture-H-sequential,Optimization terminated successfully,1.2887770919687414e-08,1,0.0,False
15,SUT-A,AdaTE-Mixture-H-sequential,Optimization terminated successfully,1.4881516019471519e-08,1,0.0,False
16,SUT-A,AdaTE-Mixture-H-sequential,Optimization terminated successfully,4.3173396456739415e-08,3,0.0,False
17,SUT-A,AdaTE-Mixture-H-sequential,Optimization terminated successfully,4.729408624693957e-08,1,0.0,False
18,SUT-A,AdaTE-Mixture-H-sequential,Optimization terminated successfully,5.108345158909213e-08,1,0.0,False
19,SUT-A,AdaTE-Mixture-H-sequential,Optimization terminated successfully,5.461050685149588e-08,1,0.0,False
20,SUT-A,AdaTE-Mixture-H-sequential,Optimization terminated successfully,5.792318957809073e-08,1,0.0,False
4,SUT-B,AdaTE-Mixture-H-staticK4,Optimization terminated successfully,1.0,1,0.0,False
1,SUT-B,AdaTE-Mixture-H-sequential,Optimization terminated successfully,0.0,1,0.0,False
2,SUT-B,AdaTE-Mixture-H-sequential,Optimization terminated successfully,0.0,1,0.0,False
3,SUT-B,AdaTE-Mixture-H-sequential,Optimization terminated successfully,1.0,1,0.0,False
4,SUT-B,AdaTE-Mixture-H-sequential,Optimization terminated successfully,1.0,1,0.0,False
5,SUT-B,AdaTE-Mixture-H-sequential,Optimization terminated successfully,1.0,1,0.0,False
6,SUT-B,AdaTE-Mixture-H-sequential,Optimization terminated successfully,1.0,1,0.0,False
7,SUT-B,AdaTE-Mixture-H-sequential,Optimization terminated successfully,1.0,1,0.0,False
8,SUT-B,AdaTE-Mixture-H-sequential,Optimization terminated successfully,1.4142135623730951,1,0.0,False
9,SUT-B,AdaTE-Mixture-H-sequential,Optimization terminated successfully,1.7320508075688772,1,0.0,False
10,SUT-B,AdaTE-Mixture-H-sequential,Optimization terminated successfully,1.7320508075688772,1,0.0,False
11,SUT-B,AdaTE-Mixture-H-sequential,Optimization terminated successfully,1.7320508075688772,1,0.0,False
12,SUT-B,AdaTE-Mixture-H-sequential,Optimization terminated successfully,1.7320508075688772,1,0.0,False
13,SUT-B,AdaTE-Mixture-H-sequential,Optimization terminated successfully,1.7320508075688772,1,0.0,False
14,SUT-B,AdaTE-Mixture-H-sequential,Optimization terminated successfully,2.0,1,0.0,False
15,SUT-B,AdaTE-Mixture-H-sequential,Optimization terminated successfully,2.0,1,0.0,False
16,SUT-B,AdaTE-Mixture-H-sequential,Optimization terminated successfully,2.0,3,0.0,False
17,SUT-B,AdaTE-Mixture-H-sequential,Optimization terminated successfully,2.0,1,0.0,False
18,SUT-B,AdaTE-Mixture-H-sequential,Optimization terminated successfully,2.0,1,0.0,False
19,SUT-B,AdaTE-Mixture-H-sequential,Optimization terminated successfully,2.0,1,0.0,False
20,SUT-B,AdaTE-Mixture-H-sequential,Optimization terminated successfully,2.0,1,0.0,False
4,SUT-C,AdaTE-Mixture-H-staticK4,Optimization terminated successfully,0.0,1,0.0,False
1,SUT-C,AdaTE-Mixture-H-sequential,Optimization terminated successfully,0.0,1,0.0,False
2,SUT-C,AdaTE-Mixture-H-sequential,Optimization terminated successfully,0.0,1,0.0,False
3,SUT-C,AdaTE-Mixture-H-sequential,Optimization terminated successfully,0.0,1,0.0,False
4,SUT-C,AdaTE-Mixture-H-sequential,Optimization terminated successfully,0.0,1,0.0,False
5,SUT-C,AdaTE-Mixture-H-sequential,Optimization terminated successfully,0.0,1,0.0,False
6,SUT-C,AdaTE-Mixture-H-sequential,Optimization terminated successfully,0.0,1,0.0,False
7,SUT-C,AdaTE-Mixture-H-sequential,Optimization terminated successfully,0.0,1,0.0,False
8,SUT-C,AdaTE-Mixture-H-sequential,Optimization terminated successfully,0.0,1,0.0,False
9,SUT-C,AdaTE-Mixture-H-sequential,Optimization terminated successfully,0.0,1,0.0,False
10,SUT-C,AdaTE-Mixture-H-sequential,Optimization terminated successfully,0.0,1,0.0,False
11,SUT-C,AdaTE-Mixture-H-sequential,Optimization terminated successfully,0.0,1,0.0,False
12,SUT-C,AdaTE-Mixture-H-sequential,Optimization terminated successfully,7.4407580097357595e-09,3,0.0,False
13,SUT-C,AdaTE-Mixture-H-sequential,Optimization terminated successfully,1.052282089170455e-08,1,0.0,False
14,SUT-C,AdaTE-Mixture-H-sequential,Optimization terminated successfully,1.2887770919687414e-08,1,0.0,False
15,SUT-C,AdaTE-Mixture-H-sequential,Optimization terminated successfully,1.4881516019471519e-08,1,0.0,False
16,SUT-C,AdaTE-Mixture-H-sequential,Optimization terminated successfully,4.145726230317335e-08,3,2.220446049250313e-16,False
17,SUT-C,AdaTE-Mixture-H-sequential,Optimization terminated successfully,4.541415547171324e-08,1,2.220446049250313e-16,False
18,SUT-C,AdaTE-Mixture-H-sequential,Optimization terminated successfully,4.9052894274892336e-08,1,2.220446049250313e-16,False
19,SUT-C,AdaTE-Mixture-H-sequential,Optimization terminated successfully,5.243974977322631e-08,1,2.220446049250313e-16,False
20,SUT-C,AdaTE-Mixture-H-sequential,Optimization terminated successfully,5.562075400256106e-08,1,2.220446049250313e-16,False
4,SUT-D,AdaTE-Mixture-H-staticK4,Optimization terminated successfully,0.0,1,0.0,False
1,SUT-D,AdaTE-Mixture-H-sequential,Optimization terminated successfully,0.0,1,0.0,False
2,SUT-D,AdaTE-Mixture-H-sequential,Optimization terminated successfully,0.0,1,0.0,False
3,SUT-D,AdaTE-Mixture-H-sequential,Optimization terminated successfully,0.0,1,0.0,False
4,SUT-D,AdaTE-Mixture-H-sequential,Optimization terminated successfully,0.0,1,0.0,False
5,SUT-D,AdaTE-Mixture-H-sequential,Optimization terminated successfully,0.0,1,0.0,False
6,SUT-D,AdaTE-Mixture-H-sequential,Optimization terminated successfully,0.0,1,0.0,False
7,SUT-D,AdaTE-Mixture-H-sequential,Optimization terminated successfully,0.0,1,0.0,False
8,SUT-D,AdaTE-Mixture-H-sequential,Optimization terminated successfully,0.0,1,0.0,False
9,SUT-D,AdaTE-Mixture-H-sequential,Optimization terminated successfully,0.0,1,0.0,False
10,SUT-D,AdaTE-Mixture-H-sequential,Optimization terminated successfully,0.0,1,0.0,False
11,SUT-D,AdaTE-Mixture-H-sequential,Optimization terminated successfully,0.0,1,0.0,False
12,SUT-D,AdaTE-Mixture-H-sequential,Optimization terminated successfully,7.4407580097357595e-09,3,0.0,False
13,SUT-D,AdaTE-Mixture-H-sequential,Optimization terminated successfully,1.052282089170455e-08,1,0.0,False
14,SUT-D,AdaTE-Mixture-H-sequential,Optimization terminated successfully,1.2887770919687414e-08,1,0.0,False
15,SUT-D,AdaTE-Mixture-H-sequential,Optimization terminated successfully,1.4881516019471519e-08,1,0.0,False
16,SUT-D,AdaTE-Mixture-H-sequential,Optimization terminated successfully,4.145726230317335e-08,3,2.220446049250313e-16,False
17,SUT-D,AdaTE-Mixture-H-sequential,Optimization terminated successfully,4.541415547171324e-08,1,2.220446049250313e-16,False
18,SUT-D,AdaTE-Mixture-H-sequential,Optimization terminated successfully,4.9052894274892336e-08,1,2.220446049250313e-16,False
19,SUT-D,AdaTE-Mixture-H-sequential,Optimization terminated successfully,5.243974977322631e-08,1,2.220446049250313e-16,False
20,SUT-D,AdaTE-Mixture-H-sequential,Optimization terminated successfully,5.562075400256106e-08,1,2.220446049250313e-16,False
4,SUT-E,AdaTE-Mixture-H-staticK4,Optimization terminated successfully,0.0,1,0.0,False
1,SUT-E,AdaTE-Mixture-H-sequential,Optimization terminated successfully,0.0,1,0.0,False
2,SUT-E,AdaTE-Mixture-H-sequential,Optimization terminated successfully,0.0,1,0.0,False
3,SUT-E,AdaTE-Mixture-H-sequential,Optimization terminated successfully,0.0,1,0.0,False
4,SUT-E,AdaTE-Mixture-H-sequential,Optimization terminated successfully,0.0,1,0.0,False
5,SUT-E,AdaTE-Mixture-H-sequential,Optimization terminated successfully,0.0,1,0.0,False
6,SUT-E,AdaTE-Mixture-H-sequential,Optimization terminated successfully,0.0,1,0.0,False
7,SUT-E,AdaTE-Mixture-H-sequential,Optimization terminated successfully,0.0,1,0.0,False
8,SUT-E,AdaTE-Mixture-H-sequential,Optimization terminated successfully,0.0,1,0.0,False
9,SUT-E,AdaTE-Mixture-H-sequential,Optimization terminated successfully,0.0,1,0.0,False
10,SUT-E,AdaTE-Mixture-H-sequential,Optimization terminated successfully,0.0,1,0.0,False
11,SUT-E,AdaTE-Mixture-H-sequential,Optimization terminated successfully,0.0,1,0.0,False
12,SUT-E,AdaTE-Mixture-H-sequential,Optimization terminated successfully,0.0,3,0.0,False
13,SUT-E,AdaTE-Mixture-H-sequential,Optimization terminated successfully,0.0,1,0.0,False
14,SUT-E,AdaTE-Mixture-H-sequential,Optimization terminated successfully,0.0,1,0.0,False
15,SUT-E,AdaTE-Mixture-H-sequential,Optimization terminated successfully,0.0,1,0.0,False
16,SUT-E,AdaTE-Mixture-H-sequential,Optimization terminated successfully,0.0,1,0.0,False
17,SUT-E,AdaTE-Mixture-H-sequential,Optimization terminated successfully,0.0,1,0.0,False
18,SUT-E,AdaTE-Mixture-H-sequential,Optimization terminated successfully,0.0,1,0.0,False
19,SUT-E,AdaTE-Mixture-H-sequential,Optimization terminated successfully,0.0,1,0.0,False
20,SUT-E,AdaTE-Mixture-H-sequential,Optimization terminated successfully,0.0,1,0.0,False
4,SUT-F,AdaTE-Mixture-H-staticK4,Optimization terminated successfully,0.0,1,0.0,False
1,SUT-F,AdaTE-Mixture-H-sequential,Optimization terminated successfully,0.0,1,0.0,False
2,SUT-F,AdaTE-Mixture-H-sequential,Optimization terminated successfully,0.0,1,0.0,False
3,SUT-F,AdaTE-Mixture-H-sequential,Optimization terminated successfully,0.0,1,0.0,False
4,SUT-F,AdaTE-Mixture-H-sequential,Optimization terminated successfully,0.0,1,0.0,False
5,SUT-F,AdaTE-Mixture-H-sequential,Optimization terminated successfully,0.0,1,0.0,False
6,SUT-F,AdaTE-Mixture-H-sequential,Optimization terminated successfully,0.0,1,0.0,False
7,SUT-F,AdaTE-Mixture-H-sequential,Optimization terminated successfully,0.0,1,0.0,False
8,SUT-F,AdaTE-Mixture-H-sequential,Optimization terminated successfully,0.0,1,0.0,False
9,SUT-F,AdaTE-Mixture-H-sequential,Optimization terminated successfully,0.0,1,0.0,False
10,SUT-F,AdaTE-Mixture-H-sequential,Optimization terminated successfully,0.0,1,0.0,False
11,SUT-F,AdaTE-Mixture-H-sequential,Optimization terminated successfully,0.0,1,0.0,False
12,SUT-F,AdaTE-Mixture-H-sequential,Optimization terminated successfully,7.4407580097357595e-09,3,0.0,False
13,SUT-F,AdaTE-Mixture-H-sequential,Optimization terminated successfully,1.052282089170455e-08,1,0.0,False
14,SUT-F,AdaTE-Mixture-H-sequential,Optimization terminated successfully,1.2887770919687414e-08,1,0.0,False
15,SUT-F,AdaTE-Mixture-H-sequential,Optimization terminated successfully,1.4881516019471519e-08,1,0.0,False
16,SUT-F,AdaTE-Mixture-H-sequential,Optimization terminated successfully,4.373901356266745e-08,3,0.0,False
17,SUT-F,AdaTE-Mixture-H-sequential,Optimization terminated successfully,4.7913688742594726e-08,1,0.0,False
18,SUT-F,AdaTE-Mixture-H-sequential,Optimization terminated successfully,5.175269877416336e-08,1,0.0,False
19,SUT-F,AdaTE-Mixture-H-sequential,Optimization terminated successfully,5.532596218681001e-08,1,0.0,False
20,SUT-F,AdaTE-Mixture-H-sequential,Optimization terminated successfully,5.8682044556945805e-08,1,0.0,False
