seed,method,query,index,mode,ego_collision,near_miss,background_collision,event,completed,min_ttc,min_clearance,response,selection_seconds,elapsed_seconds
20320125,HistoryMargin-ModeShift,1,277,slow_lead_following,False,False,False,False,True,1.6335229024254834,1.85029326102168,0.14503183698311586,0.00012530002277344465,0.5648219999857247
20320125,HistoryMargin-ModeShift,2,297,slow_lead_following,False,False,False,False,True,1.7071454370697188,1.7882764582261685,0.14151595102743061,0.00019349996000528336,0.5935510999988765
20320125,HistoryMargin-ModeShift,3,299,slow_lead_following,False,False,False,False,True,1.7195403076204114,1.4613133626049224,0.14093246659517217,0.00019399996381253004,0.5710618000011891
20320125,HistoryMargin-ModeShift,4,317,slow_lead_following,False,False,False,False,True,1.9521095680118017,1.878568776876926,0.13041970219408516,0.00019839999731630087,0.591901500010863
20320125,HistoryMargin-ModeShift,5,237,stop_and_go,False,True,False,True,True,1.4800899577882578,1.4028435231615783,0.6526423492849811,0.00019689998589456081,0.5841460999799892
20320125,HistoryMargin-ModeShift,6,235,stop_and_go,False,False,False,False,True,1.896512309720386,1.8303991107146311,0.13285923017397108,0.0007872000569477677,0.5889497000025585
20320125,HistoryMargin-ModeShift,7,255,stop_and_go,False,False,False,False,True,2.3643672753149327,1.9198368639213643,0.11367443083595107,0.00020520004909485579,0.5688653000397608
20320125,HistoryMargin-ModeShift,8,35,fast_intrusion,True,False,True,True,False,0.4415026598916413,0.1976006271229434,1.2157873354453415,0.00021870003547519445,0.12885670003015548
20320125,HistoryMargin-ModeShift,9,133,lead_braking,False,False,False,False,True,2.109026824335012,1.833826593890612,0.12377333835279021,0.00035809993278235197,0.5668392999796197
20320125,HistoryMargin-ModeShift,10,91,cutin_braking,True,False,True,True,False,0.40954342784941533,0.0,1.2180984228602318,0.0002761000068858266,0.16052559996023774
20320125,HistoryMargin-ModeShift,11,103,cutin_braking,True,False,True,True,False,0.39906489904528825,0.0,1.2188615383410173,0.0001721000298857689,0.17663250002078712
20320125,HistoryMargin-ModeShift,12,87,cutin_braking,False,True,False,True,True,0.8405293996973943,1.2455379840905423,0.6889125956653538,0.00017170002683997154,0.5730649000033736
20320125,HistoryMargin-ModeShift,13,61,fast_intrusion,False,True,False,True,True,0.7083544245116945,1.0778122123185665,0.6974218433919165,0.0001716000260785222,0.5778919999720529
20320125,HistoryMargin-ModeShift,14,85,cutin_braking,True,False,True,True,False,0.49590421947135865,0.0,1.2119095454830604,0.0001751999370753765,0.13077000004705042
20320125,HistoryMargin-ModeShift,15,97,cutin_braking,True,False,True,True,False,0.5384300562357341,0.0,1.2089268587226585,0.0001802999759092927,0.15581120003480464
20320125,HistoryMargin-ModeShift,16,107,cutin_braking,True,False,True,True,False,0.49096626305596713,0.0,1.2122586327337181,0.00017919996753335,0.1765444999327883
20320125,HistoryMargin-ModeShift,17,67,cutin_braking,True,False,True,True,False,0.5398860123662825,0.0047061795102956135,1.2088254872097963,0.0002397999633103609,0.15950940002221614
20320125,HistoryMargin-ModeShift,18,65,cutin_braking,True,False,True,True,False,0.5971464980194103,0.008031781094339278,1.2048774683745027,0.0001740000443533063,0.1660606999648735
20320125,HistoryMargin-ModeShift,19,79,cutin_braking,False,True,False,True,True,0.7174401060123347,0.8557301219601539,0.696824843876032,0.00017230003140866756,0.5879252000013366
20320125,HistoryMargin-ModeShift,20,99,cutin_braking,True,False,True,True,False,0.5909869703123499,0.0,1.2052985499848887,0.00018319999799132347,0.16931200004182756
20320125,HistoryMargin-ModeShift,21,127,cutin_braking,False,True,False,True,True,1.2546884147172006,1.5815662275674833,0.6645527925853731,0.0001727000344544649,0.5861788999754936
20320125,HistoryMargin-ModeShift,22,105,cutin_braking,True,False,True,True,False,0.7188813736605374,0.02401910597464233,1.196730307493275,0.00017390004359185696,0.15249490004498512
20320125,HistoryMargin-ModeShift,23,113,cutin_braking,True,False,True,True,False,0.7410285259361638,0.006099715300624419,1.1952833164942092,0.000179799972102046,0.18014279997441918
20320125,HistoryMargin-ModeShift,24,119,cutin_braking,False,True,False,True,True,1.2428716818515895,1.4265710482520195,0.6652022295803754,0.0001775999553501606,0.5640813999343663
20320125,HistoryMargin-ModeShift,25,75,cutin_braking,False,True,False,True,True,1.3160062278086755,1.4966295231938442,0.661223592570404,0.0010457999305799603,0.5690835999557748
20320125,HistoryMargin-ModeShift,26,95,cutin_braking,False,True,False,True,True,1.324192038084127,1.4928419682323775,0.6607842769551164,0.00028579996433109045,0.574548100004904
20320125,HistoryMargin-ModeShift,27,83,cutin_braking,False,True,False,True,True,1.1724432813653978,1.1317066268587919,0.6691264213746686,0.00022229994647204876,0.5861877999268472
20320125,HistoryMargin-ModeShift,28,101,cutin_braking,True,False,True,True,False,0.5679032668042872,0.0,1.2068843267136904,0.00021820003166794777,0.1448308000108227
20320125,HistoryMargin-ModeShift,29,78,cutin_braking,False,False,False,False,True,inf,1.9999481277673672,0.0,0.00018350000027567148,0.5952394000487402
20320125,HistoryMargin-ModeShift,30,1,fast_intrusion,False,True,False,True,True,0.7933897750255869,1.3245174424099464,0.6919044629755379,0.00017589994240552187,0.578820199938491
20320125,HistoryMargin-ModeShift,31,88,cutin_braking,False,False,False,False,True,7.432986830499295,1.967167707422443,0.0209848057688507,0.0001805999781936407,0.5803269000025466
20320125,HistoryMargin-ModeShift,32,116,cutin_braking,False,False,False,False,True,inf,6.537660483503643,0.0,0.0001832999987527728,0.5617491999873891
20320125,HistoryMargin-ModeShift,33,19,fast_intrusion,True,False,True,True,False,0.5748061694846037,0.03426657816534057,1.2064088398389519,0.00018960004672408104,0.15005060005933046
20320125,HistoryMargin-ModeShift,34,21,fast_intrusion,False,True,False,True,True,0.8476479944625328,1.3197268081756446,0.6884648630084671,0.0001805000938475132,0.6085902000777423
20320125,HistoryMargin-ModeShift,35,41,fast_intrusion,False,True,False,True,True,0.8041998998632125,1.2300569521953373,0.6912142036201622,0.00019200006499886513,0.5850804999936372
20320125,HistoryMargin-ModeShift,36,37,fast_intrusion,False,True,False,True,True,0.6370966798221158,0.6488528213414123,0.7021672566314154,0.0001799999736249447,0.5853104999987409
20320125,HistoryMargin-ModeShift,37,13,fast_intrusion,False,True,False,True,True,0.5852597843563886,0.3931001668412576,0.7056908519875802,0.00018289999570697546,0.5766046000644565
20320125,HistoryMargin-ModeShift,38,89,cutin_braking,True,False,True,True,False,0.9810087518080641,0.0,1.1802704098585424,0.00017689995002001524,0.15227819990832359
20320125,HistoryMargin-ModeShift,39,111,cutin_braking,False,False,False,False,True,2.7767584118021547,1.9242946765971007,0.09907476633370735,0.00017710006795823574,0.5725834000622854
20320125,HistoryMargin-ModeShift,40,124,cutin_braking,False,False,False,False,True,3.091612833131137,1.8136399466299062,0.08920377031682515,0.0001786999637261033,0.5877737000118941
20320125,HistoryMargin-ModeShift,41,63,fast_intrusion,True,False,True,True,False,0.7772665003930547,0.0,1.1929386155939965,0.0001873000292107463,0.09511049999855459
20320125,HistoryMargin-ModeShift,42,27,fast_intrusion,False,True,False,True,True,0.7452801385908077,0.6570757483075642,0.6950067561718429,0.0001841000048443675,0.6120780999772251
20320125,HistoryMargin-ModeShift,43,25,fast_intrusion,False,False,False,False,True,1.5016235172819157,1.8769547407448868,0.1515506277109626,0.00018229999113827944,0.5859388000098988
20320125,HistoryMargin-ModeShift,44,98,cutin_braking,True,False,True,True,False,1.0588657601095162,0.0,1.1756521580106138,0.00019479996990412474,0.1396224000491202
20320125,HistoryMargin-ModeShift,45,71,cutin_braking,False,False,False,False,True,2.452404215152173,1.9198324838346603,0.11038705219744922,0.0001957999775186181,0.57391179993283
20320125,HistoryMargin-ModeShift,46,72,cutin_braking,False,False,False,False,True,inf,8.228470324614356,0.0,0.00018169998656958342,0.5582665000110865
20320125,HistoryMargin-ModeShift,47,5,fast_intrusion,False,True,False,True,True,1.0163291031303185,1.3363432320841657,0.6781604502470604,0.00018339999951422215,0.5691636999836192
20320125,HistoryMargin-ModeShift,48,49,fast_intrusion,False,False,False,False,True,1.7366565221135983,1.8931774312833174,0.14013067925504533,0.00018770003225654364,0.579052000073716
20320125,HistoryMargin-ModeShift,49,84,cutin_braking,False,False,False,False,True,2.1881381843212875,1.6995431594777268,0.12055203953776306,0.00020079989917576313,0.5892843999899924
20320125,HistoryMargin-ModeShift,50,123,cutin_braking,False,False,False,False,True,2.2392662246270487,1.7402561342421115,0.11851491800468575,0.0001849000109359622,0.6028359000338241
